,AGWP_co2
0,1.7052580053534253e-15
1,1.6930241609681105e-15
2,1.6810424547018853e-15
3,1.6693071691938952e-15
4,1.6578127181912395e-15
5,1.6465536435384433e-15
6,1.635524612236067e-15
7,1.6247204135668677e-15
8,1.6141359562879613e-15
9,1.6037662658874667e-15
10,1.5936064819041577e-15
11,1.5836518553086673e-15
12,1.5738977459448367e-15
13,1.564339620029824e-15
14,1.5549730477116294e-15
15,1.5457937006827068e-15
16,1.5367973498483872e-15
17,1.527979863048843e-15
18,1.5193372028333747e-15
19,1.510865424285806e-15
20,1.502560672899828e-15
21,1.4944191825031309e-15
22,1.4864372732292118e-15
23,1.4786113495357634e-15
24,1.4709378982685676e-15
25,1.4634134867698584e-15
26,1.45603476103012e-15
27,1.4487984438823388e-15
28,1.4417013332377168e-15
29,1.43474030036191e-15
30,1.4279122881908494e-15
31,1.4212143096852412e-15
32,1.414643446222859e-15
33,1.4081968460277547e-15
34,1.4018717226355442e-15
35,1.3956653533939402e-15
36,1.389575077997719e-15
37,1.3835982970573324e-15
38,1.3777324707003943e-15
39,1.3719751172052825e-15
40,1.36632381166612e-15
41,1.3607761846884192e-15
42,1.3553299211146744e-15
43,1.3499827587792287e-15
44,1.3447324872917309e-15
45,1.339576946848533e-15
46,1.334514027071383e-15
47,1.3295416658727874e-15
48,1.3246578483474318e-15
49,1.3198606056890603e-15
50,1.315148014132227e-15
51,1.3105181939183524e-15
52,1.3059693082855234e-15
53,1.301499562481494e-15
54,1.2971072027993494e-15
55,1.2927905156353195e-15
56,1.2885478265682275e-15
57,1.2843774994600806e-15
58,1.2802779355773134e-15
59,1.2762475727322142e-15
60,1.272284884444067e-15
61,1.2683883791195567e-15
62,1.264556599252e-15
63,1.2607881206389604e-15
64,1.2570815516178358e-15
65,1.253435532318996e-15
66,1.2498487339360753e-15
67,1.2463198580130204e-15
68,1.2428476357475109e-15
69,1.2394308273103783e-15
70,1.2360682211806527e-15
71,1.23275863349588e-15
72,1.2295009074173585e-15
73,1.226293912509954e-15
74,1.2231365441361545e-15
75,1.2200277228640426e-15
76,1.2169663938888618e-15
77,1.2139515264678665e-15
78,1.21098211336815e-15
79,1.2080571703271539e-15
80,1.205175735525564e-15
81,1.2023368690723137e-15
82,1.1995396525014107e-15
83,1.1967831882803208e-15
84,1.1940665993296415e-15
85,1.1913890285538022e-15
86,1.1887496383825453e-15
87,1.1861476103229354e-15
88,1.1835821445216553e-15
89,1.1810524593373522e-15
90,1.178557790922809e-15
91,1.1760973928167052e-15
92,1.1736705355447537e-15
93,1.171276506230001e-15
94,1.1689146082120687e-15
95,1.1665841606751462e-15
96,1.16428449828452e-15
97,1.162014970831453e-15
98,1.159774942886218e-15
99,1.1575637934590948e-15
100,1.155380915669159e-15
101,1.1532257164206689e-15
102,1.1510976160868893e-15
103,1.148996048201171e-15
104,1.146920459155128e-15
105,1.1448703079037417e-15
106,1.1428450656772404e-15
107,1.1408442156995903e-15
108,1.1388672529134546e-15
109,1.136913683711467e-15
110,1.1349830256736736e-15
111,1.133074807311007e-15
112,1.1311885678146492e-15
113,1.1293238568111482e-15
114,1.1274802341231597e-15
115,1.1256572695356831e-15
116,1.1238545425676627e-15
117,1.1220716422488338e-15
118,1.1203081669016953e-15
119,1.1185637239284852e-15
120,1.1168379296030493e-15
121,1.1151304088674888e-15
122,1.1134407951334747e-15
123,1.1117687300881303e-15
124,1.110113863504362e-15
125,1.108475853055553e-15
126,1.1068543641345056e-15
127,1.1052490696765474e-15
128,1.1036596499866917e-15
129,1.1020857925707712e-15
130,1.100527191970447e-15
131,1.098983549602008e-15
132,1.0974545735988664e-15
133,1.0959399786576767e-15
134,1.0944394858879797e-15
135,1.092952822665307e-15
136,1.0914797224876502e-15
137,1.0900199248352313e-15
138,1.0885731750334892e-15
139,1.0871392241192134e-15
140,1.0857178287097515e-15
141,1.084308750875217e-15
142,1.0829117580136356e-15
143,1.081526622728951e-15
144,1.0801531227118392e-15
145,1.078791040623254e-15
146,1.0774401639806471e-15
147,1.0761002850468014e-15
148,1.0747712007212136e-15
149,1.0734527124339745e-15
150,1.0721446260420833e-15
151,1.0708467517281407e-15
152,1.0695589039013696e-15
153,1.068280901100908e-15
154,1.0670125659013214e-15
155,1.0657537248202838e-15
156,1.0645042082283794e-15
157,1.0632638502609725e-15
158,1.062032488732103e-15
159,1.0608099650503571e-15
160,1.0595961241366685e-15
161,1.0583908143440088e-15
162,1.0571938873789182e-15
163,1.05600519822484e-15
164,1.0548246050672137e-15
165,1.0536519692202876e-15
166,1.0524871550556115e-15
167,1.05133002993217e-15
168,1.0501804641281205e-15
169,1.0490383307740979e-15
170,1.0479035057880483e-15
171,1.046775867811561e-15
172,1.0456552981476601e-15
173,1.0445416807000238e-15
174,1.0434349019136006e-15
175,1.0423348507165851e-15
176,1.041241418463729e-15
177,1.0401544988809493e-15
178,1.0390739880112132e-15
179,1.0379997841616585e-15
180,1.0369317878519313e-15
181,1.0358699017637098e-15
182,1.034814030691384e-15
183,1.0337640814938684e-15
184,1.0327199630475217e-15
185,1.0316815862001441e-15
186,1.0306488637260325e-15
187,1.0296217102820661e-15
188,1.0286000423648005e-15
189,1.0275837782685433e-15
190,1.0265728380443974e-15
191,1.025567143460238e-15
192,1.0245666179616103e-15
193,1.0235711866335268e-15
194,1.022580776163137e-15
195,1.0215953148032553e-15
196,1.0206147323367263e-15
197,1.0196389600416072e-15
198,1.0186679306571482e-15
199,1.0177015783505542e-15
200,1.0167398386845088e-15
201,1.0157826485854429e-15
202,1.014829946312532e-15
203,1.0138816714274027e-15
204,1.0129377647645373e-15
205,1.011998168402355e-15
206,1.0110628256349557e-15
207,1.0101316809445138e-15
208,1.009204679974305e-15
209,1.00828176950235e-15
210,1.007362897415664e-15
211,1.006448012685097e-15
212,1.00553706534075e-15
213,1.0046300064479559e-15
214,1.0037267880838113e-15
215,1.0028273633142445e-15
216,1.0019316861716119e-15
217,1.0010397116328074e-15
218,1.0001513955978722e-15
219,9.992666948690962e-16
220,9.983855671306e-16
221,9.975079709283813e-16
222,9.966338656508227e-16
223,9.957632115096438e-16
224,9.9489596952129e-16
225,9.940321014887503e-16
226,9.93171569983789e-16
227,9.923143383295858e-16
228,9.914603705837741e-16
229,9.906096315218685e-16
230,9.897620866210695e-16
231,9.889177020444434e-16
232,9.88076444625461e-16
233,9.872382818528932e-16
234,9.864031818560503e-16
235,9.855711133903626e-16
236,9.847420458232881e-16
237,9.839159491205447e-16
238,9.830927938326593e-16
239,9.822725510818212e-16
240,9.814551925490408e-16
241,9.80640690461599e-16
242,9.79829017580786e-16
243,9.790201471899213e-16
244,9.782140530826462e-16
245,9.77410709551486e-16
246,9.76610091376673e-16
247,9.75812173815227e-16
248,9.75016932590284e-16
249,9.742243438806694e-16
250,9.734343843107132e-16
251,9.72647030940292e-16
252,9.718622612551053e-16
253,9.710800531571708e-16
254,9.703003849555378e-16
255,9.695232353572142e-16
256,9.687485834582994e-16
257,9.679764087353221e-16
258,9.67206691036775e-16
259,9.664394105748424e-16
260,9.65674547917319e-16
261,9.64912083979713e-16
262,9.641520000175288e-16
263,9.633942776187268e-16
264,9.626388986963557e-16
265,9.618858454813541e-16
266,9.611351005155154e-16
267,9.603866466446123e-16
268,9.59640467011684e-16
269,9.58896545050469e-16
270,9.581548644789951e-16
271,9.574154092933107e-16
272,9.566781637613625e-16
273,9.559431124170124e-16
274,9.552102400541902e-16
275,9.5447953172118e-16
276,9.53750972715039e-16
277,9.530245485761404e-16
278,9.523002450828455e-16
279,9.515780482462913e-16
280,9.508579443053044e-16
281,9.501399197214247e-16
282,9.494239611740455e-16
283,9.487100555556655e-16
284,9.479981899672464e-16
285,9.472883517136792e-16
286,9.465805282993518e-16
287,9.458747074238188e-16
288,9.451708769775701e-16
289,9.444690250378954e-16
290,9.43769139864843e-16
291,9.430712098972725e-16
292,9.423752237489936e-16
293,9.416811702049975e-16
294,9.40989038217771e-16
295,9.402988169036962e-16
296,9.396104955395306e-16
297,9.38924063558969e-16
298,9.382395105492828e-16
299,9.37556826248037e-16
300,9.36876000539879e-16
301,9.361970234534051e-16
302,9.355198851580933e-16
303,9.3484457596131e-16
304,9.341710863053815e-16
305,9.334994067647355e-16
306,9.328295280431038e-16
307,9.32161440970792e-16
308,9.3149513650201e-16
309,9.308306057122614e-16
310,9.30167839795795e-16
311,9.295068300631124e-16
312,9.288475679385334e-16
313,9.281900449578159e-16
314,9.275342527658289e-16
315,9.268801831142806e-16
316,9.262278278594964e-16
317,9.255771789602479e-16
318,9.249282284756302e-16
319,9.242809685629892e-16
320,9.236353914758935e-16
321,9.22991489562154e-16
322,9.223492552618882e-16
323,9.217086811056278e-16
324,9.21069759712469e-16
325,9.204324837882643e-16
326,9.197968461238576e-16
327,9.191628395933572e-16
328,9.185304571524455e-16
329,9.178996918367329e-16
330,9.172705367601442e-16
331,9.16642985113342e-16
332,9.160170301621878e-16
333,9.153926652462358e-16
334,9.147698837772614e-16
335,9.141486792378234e-16
336,9.13529045179857e-16
337,9.12910975223301e-16
338,9.122944630547539e-16
339,9.116795024261608e-16
340,9.110660871535299e-16
341,9.104542111156784e-16
342,9.098438682530063e-16
343,9.092350525662971e-16
344,9.086277581155457e-16
345,9.080219790188142e-16
346,9.07417709451111e-16
347,9.068149436432966e-16
348,9.06213675881014e-16
349,9.056139005036412e-16
350,9.050156119032702e-16
351,9.044188045237061e-16
352,9.038234728594905e-16
353,9.032296114549466e-16
354,9.026372149032424e-16
355,9.02046277845481e-16
356,9.014567949698056e-16
357,9.00868761010527e-16
358,9.002821707472707e-16
359,8.996970190041421e-16
360,8.991133006489108e-16
361,8.985310105922133e-16
362,8.979501437867723e-16
363,8.97370695226636e-16
364,8.967926599464305e-16
365,8.962160330206316e-16
366,8.956408095628535e-16
367,8.950669847251491e-16
368,8.94494553697331e-16
369,8.93923511706303e-16
370,8.933538540154104e-16
371,8.927855759238015e-16
372,8.922186727658047e-16
373,8.916531399103196e-16
374,8.910889727602202e-16
375,8.905261667517731e-16
376,8.89964717354067e-16
377,8.894046200684554e-16
378,8.888458704280119e-16
379,8.882884639969955e-16
380,8.877323963703326e-16
381,8.871776631731026e-16
382,8.866242600600421e-16
383,8.860721827150569e-16
384,8.855214268507433e-16
385,8.849719882079223e-16
386,8.844238625551835e-16
387,8.838770456884374e-16
388,8.833315334304792e-16
389,8.82787321630561e-16
390,8.822444061639745e-16
391,8.817027829316417e-16
392,8.811624478597137e-16
393,8.806233968991814e-16
394,8.8008562602549045e-16
395,8.795491312381685e-16
396,8.790139085604563e-16
397,8.784799540389514e-16
398,8.779472637432559e-16
399,8.774158337656332e-16
400,8.768856602206722e-16
401,8.763567392449589e-16
402,8.758290669967535e-16
403,8.753026396556764e-16
404,8.747774534224004e-16
405,8.74253504518348e-16
406,8.737307891853979e-16
407,8.732093036855943e-16
408,8.726890443008655e-16
409,8.721700073327471e-16
410,8.716521891021102e-16
411,8.711355859488984e-16
412,8.706201942318651e-16
413,8.701060103283226e-16
414,8.695930306338913e-16
415,8.690812515622579e-16
416,8.685706695449348e-16
417,8.680612810310302e-16
418,8.67553082487015e-16
419,8.670460703965038e-16
420,8.665402412600325e-16
421,8.660355915948451e-16
422,8.65532117934684e-16
423,8.650298168295832e-16
424,8.64528684845668e-16
425,8.640287185649569e-16
426,8.635299145851687e-16
427,8.630322695195334e-16
428,8.62535779996606e-16
429,8.620404426600859e-16
430,8.615462541686392e-16
431,8.610532111957223e-16
432,8.6056131042941425e-16
433,8.600705485722471e-16
434,8.595809223410429e-16
435,8.590924284667538e-16
436,8.586050636943024e-16
437,8.581188247824309e-16
438,8.576337085035472e-16
439,8.571497116435776e-16
440,8.566668310018225e-16
441,8.56185063390813e-16
442,8.557044056361723e-16
443,8.552248545764784e-16
444,8.547464070631305e-16
445,8.542690599602173e-16
446,8.537928101443884e-16
447,8.533176545047275e-16
448,8.528435899426307e-16
449,8.523706133716812e-16
450,8.518987217175337e-16
451,8.514279119177965e-16
452,8.50958180921916e-16
453,8.504895256910657e-16
454,8.500219431980355e-16
455,8.495554304271231e-16
456,8.490899843740288e-16
457,8.486256020457507e-16
458,8.481622804604833e-16
459,8.477000166475164e-16
460,8.472388076471383e-16
461,8.467786505105371e-16
462,8.46319542299708e-16
463,8.458614800873601e-16
464,8.454044609568236e-16
465,8.449484820019618e-16
466,8.444935403270829e-16
467,8.440396330468536e-16
468,8.435867572862139e-16
469,8.431349101802939e-16
470,8.426840888743329e-16
471,8.422342905235987e-16
472,8.417855122933079e-16
473,8.413377513585498e-16
474,8.408910049042094e-16
475,8.404452701248931e-16
476,8.400005442248548e-16
477,8.395568244179241e-16
478,8.391141079274356e-16
479,8.386723919861587e-16
480,8.382316738362293e-16
481,8.377919507290824e-16
482,8.373532199253861e-16
483,8.369154786949763e-16
484,8.364787243167929e-16
485,8.360429540788166e-16
486,8.356081652780076e-16
487,8.351743552202445e-16
488,8.347415212202635e-16
489,8.343096606016015e-16
490,8.338787706965362e-16
491,8.334488488460304e-16
492,8.330198923996757e-16
493,8.32591898715637e-16
494,8.321648651605982e-16
495,8.317387891097095e-16
496,8.3131366794653395e-16
497,8.308894990629959e-16
498,8.304662798593302e-16
499,8.300440077440323e-16
500,8.296226801338085e-16
501,8.292022944535266e-16
502,8.287828481361695e-16
503,8.283643386227864e-16
504,8.279467633624481e-16
505,8.275301198121989e-16
506,8.271144054370137e-16
507,8.266996177097519e-16
508,8.262857541111145e-16
509,8.258728121296006e-16
510,8.254607892614643e-16
511,8.250496830106739e-16
512,8.246394908888695e-16
513,8.242302104153224e-16
514,8.238218391168952e-16
515,8.234143745280017e-16
516,8.230078141905683e-16
517,8.226021556539943e-16
518,8.221973964751152e-16
519,8.217935342181646e-16
520,8.213905664547361e-16
521,8.209884907637487e-16
522,8.205873047314085e-16
523,8.201870059511751e-16
524,8.197875920237245e-16
525,8.193890605569163e-16
526,8.189914091657578e-16
527,8.185946354723705e-16
528,8.181987371059576e-16
529,8.178037117027696e-16
530,8.17409556906073e-16
531,8.170162703661169e-16
532,8.166238497401018e-16
533,8.162322926921481e-16
534,8.158415968932647e-16
535,8.154517600213184e-16
536,8.150627797610044e-16
537,8.146746538038144e-16
538,8.142873798480087e-16
539,8.139009555985859e-16
540,8.135153787672545e-16
541,8.131306470724034e-16
542,8.1274675823907435e-16
543,8.123637099989334e-16
544,8.119815000902436e-16
545,8.116001262578366e-16
546,8.112195862530867e-16
547,8.108398778338832e-16
548,8.104609987646038e-16
549,8.100829468160887e-16
550,8.097057197656139e-16
551,8.093293153968664e-16
552,8.089537314999175e-16
553,8.085789658711985e-16
554,8.082050163134748e-16
555,8.078318806358221e-16
556,8.074595566536009e-16
557,8.070880421884326e-16
558,8.067173350681755e-16
559,8.063474331269013e-16
560,8.059783342048703e-16
561,8.056100361485088e-16
562,8.052425368103865e-16
563,8.04875834049192e-16
564,8.045099257297113e-16
565,8.041448097228045e-16
566,8.037804839053836e-16
567,8.034169461603908e-16
568,8.030541943767755e-16
569,8.026922264494731e-16
570,8.023310402793833e-16
571,8.01970633773349e-16
572,8.016110048441343e-16
573,8.012521514104038e-16
574,8.008940713967018e-16
575,8.005367627334311e-16
576,8.001802233568326e-16
577,7.998244512089655e-16
578,7.994694442376855e-16
579,7.991152003966266e-16
580,7.987617176451792e-16
581,7.984089939484723e-16
582,7.980570272773516e-16
583,7.977058156083623e-16
584,7.973553569237272e-16
585,7.970056492113302e-16
586,7.966566904646949e-16
587,7.963084786829664e-16
588,7.959610118708935e-16
589,7.956142880388084e-16
590,7.952683052026093e-16
591,7.949230613837406e-16
592,7.945785546091762e-16
593,7.942347829114004e-16
594,7.938917443283902e-16
595,7.935494369035963e-16
596,7.932078586859273e-16
597,7.928670077297292e-16
598,7.92526882094771e-16
599,7.92187479846224e-16
600,7.918487990546472e-16
601,7.91510837795968e-16
602,7.911735941514656e-16
603,7.908370662077547e-16
604,7.905012520567677e-16
605,7.901661497957379e-16
606,7.898317575271827e-16
607,7.894980733588875e-16
608,7.891650954038887e-16
609,7.888328217804568e-16
610,7.885012506120812e-16
611,7.881703800274521e-16
612,7.878402081604464e-16
613,7.8751073315011015e-16
614,7.871819531406427e-16
615,7.86853866281381e-16
616,7.865264707267844e-16
617,7.861997646364174e-16
618,7.858737461749353e-16
619,7.855484135120676e-16
620,7.852237648226035e-16
621,7.848997982863759e-16
622,7.845765120882457e-16
623,7.842539044180871e-16
624,7.839319734707722e-16
625,7.836107174461557e-16
626,7.832901345490605e-16
627,7.829702229892617e-16
628,7.826509809814726e-16
629,7.823324067453291e-16
630,7.8201449850537585e-16
631,7.816972544910508e-16
632,7.813806729366707e-16
633,7.810647520814169e-16
634,7.807494901693205e-16
635,7.804348854492482e-16
636,7.801209361748877e-16
637,7.798076406047338e-16
638,7.794949970020734e-16
639,7.791830036349727e-16
640,7.788716587762613e-16
641,7.7856096070352e-16
642,7.782509076990652e-16
643,7.779414980499365e-16
644,7.776327300478815e-16
645,7.773246019893429e-16
646,7.770171121754447e-16
647,7.767102589119778e-16
648,7.764040405093874e-16
649,7.760984552827588e-16
650,7.75793501551804e-16
651,7.754891776408477e-16
652,7.75185481878816e-16
653,7.748824125992201e-16
654,7.745799681401451e-16
655,7.742781468442364e-16
656,7.739769470586858e-16
657,7.736763671352193e-16
658,7.733764054300833e-16
659,7.730770603040318e-16
660,7.727783301223141e-16
661,7.724802132546605e-16
662,7.721827080752707e-16
663,7.718858129628007e-16
664,7.71589526300349e-16
665,7.712938464754458e-16
666,7.709987718800385e-16
667,7.7070430091048e-16
668,7.704104319675159e-16
669,7.701171634562722e-16
670,7.698244937862427e-16
671,7.695324213712758e-16
672,7.692409446295636e-16
673,7.689500619836286e-16
674,7.686597718603109e-16
675,7.683700726907575e-16
676,7.680809629104084e-16
677,7.677924409589859e-16
678,7.67504505280481e-16
679,7.672171543231426e-16
680,7.669303865394651e-16
681,7.666442003861755e-16
682,7.66358594324223e-16
683,7.660735668187658e-16
684,7.657891163391599e-16
685,7.65505241358947e-16
686,7.652219403558426e-16
687,7.649392118117247e-16
688,7.646570542126216e-16
689,7.643754660487006e-16
690,7.640944458142562e-16
691,7.638139920076982e-16
692,7.63534103131541e-16
693,7.632547776923908e-16
694,7.629760142009356e-16
695,7.626978111719326e-16
696,7.624201671241973e-16
697,7.62143080580592e-16
698,7.618665500680148e-16
699,7.615905741173874e-16
700,7.613151512636455e-16
701,7.610402800457254e-16
702,7.607659590065551e-16
703,7.604921866930413e-16
704,7.602189616560591e-16
705,7.599462824504413e-16
706,7.596741476349665e-16
707,7.594025557723489e-16
708,7.591315054292265e-16
709,7.588609951761512e-16
710,7.585910235875769e-16
711,7.583215892418492e-16
712,7.580526907211945e-16
713,7.577843266117092e-16
714,7.575164955033487e-16
715,7.572491959899173e-16
716,7.569824266690567e-16
717,7.567161861422355e-16
718,7.564504730147395e-16
719,7.561852858956599e-16
720,7.559206233978833e-16
721,7.556564841380813e-16
722,7.553928667366999e-16
723,7.551297698179483e-16
724,7.5486719200979e-16
725,7.546051319439308e-16
726,7.543435882558099e-16
727,7.540825595845881e-16
728,7.538220445731387e-16
729,7.535620418680365e-16
730,7.533025501195482e-16
731,7.530435679816211e-16
732,7.527850941118743e-16
733,7.525271271715875e-16
734,7.522696658256912e-16
735,7.52012708742757e-16
736,7.517562545949871e-16
737,7.515003020582042e-16
738,7.512448498118415e-16
739,7.509898965389333e-16
740,7.507354409261049e-16
741,7.504814816635616e-16
742,7.502280174450803e-16
743,7.499750469679993e-16
744,7.497225689332071e-16
745,7.494705820451349e-16
746,7.492190850117451e-16
747,7.48968076544522e-16
748,7.487175553584626e-16
749,7.484675201720661e-16
750,7.48217969707325e-16
751,7.479689026897149e-16
752,7.477203178481857e-16
753,7.474722139151507e-16
754,7.472245896264784e-16
755,7.469774437214821e-16
756,7.467307749429115e-16
757,7.464845820369416e-16
758,7.462388637531646e-16
759,7.4599361884458e-16
760,7.457488460675856e-16
761,7.455045441819674e-16
762,7.452607119508912e-16
763,7.450173481408924e-16
764,7.447744515218675e-16
765,7.445320208670645e-16
766,7.442900549530737e-16
767,7.440485525598186e-16
768,7.438075124705467e-16
769,7.435669334718202e-16
770,7.433268143535071e-16
771,7.430871539087725e-16
772,7.428479509340683e-16
773,7.426092042291256e-16
774,7.423709125969453e-16
775,7.42133074843788e-16
776,7.418956897791668e-16
777,7.416587562158372e-16
778,7.414222729697885e-16
779,7.411862388602351e-16
780,7.409506527096074e-16
781,7.407155133435428e-16
782,7.40480819590878e-16
783,7.402465702836383e-16
784,7.400127642570307e-16
785,7.397794003494346e-16
786,7.395464774023921e-16
787,7.393139942606007e-16
788,7.390819497719041e-16
789,7.388503427872835e-16
790,7.38619172160849e-16
791,7.383884367498308e-16
792,7.381581354145715e-16
793,7.379282670185169e-16
794,7.376988304282071e-16
795,7.374698245132688e-16
796,7.372412481464067e-16
797,7.37013100203395e-16
798,7.367853795630683e-16
799,7.365580851073144e-16
800,7.36331215721065e-16
801,7.361047702922881e-16
802,7.358787477119787e-16
803,7.356531468741516e-16
804,7.354279666758323e-16
805,7.352032060170495e-16
806,7.349788638008257e-16
807,7.347549389331708e-16
808,7.345314303230716e-16
809,7.343083368824863e-16
810,7.340856575263337e-16
811,7.33863391172487e-16
812,7.336415367417652e-16
813,7.334200931579245e-16
814,7.331990593476511e-16
815,7.329784342405522e-16
816,7.327582167691491e-16
817,7.325384058688683e-16
818,7.323190004780342e-16
819,7.320999995378606e-16
820,7.318814019924433e-16
821,7.316632067887516e-16
822,7.314454128766215e-16
823,7.312280192087466e-16
824,7.310110247406709e-16
825,7.307944284307814e-16
826,7.305782292402992e-16
827,7.303624261332731e-16
828,7.301470180765704e-16
829,7.29932004039871e-16
830,7.297173829956577e-16
831,7.295031539192098e-16
832,7.292893157885954e-16
833,7.290758675846635e-16
834,7.28862808291036e-16
835,7.286501368941006e-16
836,7.284378523830038e-16
837,7.282259537496419e-16
838,7.280144399886547e-16
839,7.278033100974175e-16
840,7.275925630760337e-16
841,7.273821979273274e-16
842,7.271722136568359e-16
843,7.269626092728018e-16
844,7.267533837861668e-16
845,7.265445362105633e-16
846,7.263360655623072e-16
847,7.261279708603907e-16
848,7.259202511264753e-16
849,7.257129053848837e-16
850,7.255059326625933e-16
851,7.252993319892285e-16
852,7.250931023970539e-16
853,7.248872429209663e-16
854,7.246817525984884e-16
855,7.244766304697607e-16
856,7.242718755775355e-16
857,7.240674869671685e-16
858,7.238634636866125e-16
859,7.236598047864105e-16
860,7.234565093196874e-16
861,7.232535763421444e-16
862,7.230510049120509e-16
863,7.22848794090238e-16
864,7.226469429400915e-16
865,7.224454505275447e-16
866,7.222443159210712e-16
867,7.220435381916788e-16
868,7.218431164129018e-16
869,7.216430496607943e-16
870,7.214433370139235e-16
871,7.212439775533623e-16
872,7.210449703626834e-16
873,7.208463145279517e-16
874,7.206480091377172e-16
875,7.204500532830093e-16
876,7.202524460573293e-16
877,7.200551865566435e-16
878,7.198582738793771e-16
879,7.196617071264068e-16
880,7.194654854010544e-16
881,7.192696078090803e-16
882,7.1907407345867655e-16
883,7.188788814604604e-16
884,7.186840309274672e-16
885,7.184895209751447e-16
886,7.182953507213456e-16
887,7.181015192863214e-16
888,7.179080257927159e-16
889,7.177148693655579e-16
890,7.175220491322564e-16
891,7.173295642225916e-16
892,7.17137413768711e-16
893,7.169455969051208e-16
894,7.167541127686815e-16
895,7.165629604985992e-16
896,7.163721392364208e-16
897,7.161816481260274e-16
898,7.159914863136273e-16
899,7.158016529477504e-16
900,7.15612147179241e-16
901,7.154229681612523e-16
902,7.152341150492393e-16
903,7.150455870009535e-16
904,7.148573831764358e-16
905,7.146695027380105e-16
906,7.144819448502791e-16
907,7.142947086801138e-16
908,7.141077933966519e-16
909,7.139211981712894e-16
910,7.137349221776743e-16
911,7.135489645917005e-16
912,7.133633245915026e-16
913,7.131780013574494e-16
914,7.129929940721367e-16
915,7.128083019203829e-16
916,7.126239240892213e-16
917,7.124398597678957e-16
918,7.122561081478529e-16
919,7.120726684227376e-16
920,7.118895397883858e-16
921,7.117067214428196e-16
922,7.115242125862402e-16
923,7.113420124210227e-16
924,7.111601201517102e-16
925,7.109785349850067e-16
926,7.107972561297736e-16
927,7.10616282797021e-16
928,7.104356141999036e-16
929,7.102552495537146e-16
930,7.100751880758793e-16
931,7.098954289859499e-16
932,7.09715971505599e-16
933,7.095368148586146e-16
934,7.093579582708939e-16
935,7.091794009704376e-16
936,7.090011421873437e-16
937,7.088231811538028e-16
938,7.086455171040912e-16
939,7.084681492745662e-16
940,7.082910769036598e-16
941,7.081142992318734e-16
942,7.079378155017718e-16
943,7.077616249579778e-16
944,7.075857268471661e-16
945,7.074101204180594e-16
946,7.072348049214197e-16
947,7.070597796100459e-16
948,7.068850437387665e-16
949,7.067105965644343e-16
950,7.065364373459209e-16
951,7.063625653441117e-16
952,7.061889798218996e-16
953,7.060156800441801e-16
954,7.058426652778456e-16
955,7.0566993479178e-16
956,7.05497487856853e-16
957,7.053253237459154e-16
958,7.051534417337926e-16
959,7.049818410972802e-16
960,7.048105211151384e-16
961,7.046394810680858e-16
962,7.044687202387953e-16
963,7.04298237911888e-16
964,7.041280333739279e-16
965,7.039581059134169e-16
966,7.037884548207893e-16
967,7.036190793884063e-16
968,7.034499789105518e-16
969,7.032811526834253e-16
970,7.031126000051386e-16
971,7.029443201757089e-16
972,7.027763124970551e-16
973,7.026085762729919e-16
974,7.024411108092237e-16
975,7.022739154133414e-16
976,7.021069893948155e-16
977,7.019403320649921e-16
978,7.017739427370874e-16
979,7.016078207261819e-16
980,7.0144196534921665e-16
981,7.01276375924987e-16
982,7.011110517741384e-16
983,7.009459922191604e-16
984,7.007811965843827e-16
985,7.006166641959692e-16
986,7.004523943819137e-16
987,7.0028838647203425e-16
988,7.001246397979687e-16
989,6.999611536931691e-16
990,6.997979274928979e-16
991,6.996349605342218e-16
992,6.994722521560072e-16
993,6.9930980169891565e-16
994,6.991476085053985e-16
995,6.989856719196921e-16
996,6.98823991287813e-16
997,6.986625659575537e-16
998,6.985013952784763e-16
999,6.983404786019092e-16
1000,6.981798152809411e-16
