,AGWP_n2o
0,0.0
1,3.5683782098822486e-14
2,7.133568157962144e-14
3,1.0695651435863422e-13
4,1.4254704522684578e-13
5,1.7810799049578997e-13
6,2.1364002051804956e-13
7,2.4914376208811827e-13
8,2.846198007290081e-13
9,3.20068682869794e-13
10,3.5549091791902817e-13
11,3.90886980238714e-13
12,4.26257311023414e-13
13,4.616023200887859e-13
14,4.969223875736294e-13
15,5.322178655594724e-13
16,5.674890796114024e-13
17,6.027363302437711e-13
18,6.379598943142169e-13
19,6.73160026349313e-13
20,7.083369598049516e-13
21,7.434909082645272e-13
22,7.786220665777267e-13
23,8.137306119427163e-13
24,8.488167049343857e-13
25,8.838804904810308e-13
26,9.189220987920359e-13
27,9.539416462387096e-13
28,9.889392361905402e-13
29,1.0239149598088982e-12
30,1.0588688968002809e-12
31,1.0938011161308647e-12
32,1.1287116767043038e-12
33,1.163600628004478e-12
34,1.1984680107048047e-12
35,1.2333138572457804e-12
36,1.2681381923821828e-12
37,1.302941033701453e-12
38,1.3377223921145727e-12
39,1.3724822723208225e-12
40,1.4072206732475984e-12
41,1.4419375884665594e-12
42,1.476633006587206e-12
43,1.5113069116290014e-12
44,1.54595928337308e-12
45,1.5805900976945278e-12
46,1.6151993268761814e-12
47,1.6497869399049043e-12
48,1.684352902751089e-12
49,1.7188971786323539e-12
50,1.7534197282621096e-12
51,1.7879205100837877e-12
52,1.822399480491463e-12
53,1.856856594037526e-12
54,1.89129180362804e-12
55,1.925705060706477e-12
56,1.96009631542632e-12
57,1.9944655168131777e-12
58,2.0288126129169213e-12
59,2.0631375509543324e-12
60,2.0974402774427897e-12
61,2.131720738325435e-12
62,2.1659788790882543e-12
63,2.200214644869522e-12
64,2.234427980561993e-12
65,2.2686188309082177e-12
66,2.3027871405893605e-12
67,2.3369328543078583e-12
68,2.371055916864256e-12
69,2.4051562732285314e-12
70,2.439233868606185e-12
71,2.4732886484994413e-12
72,2.507320558763742e-12
73,2.5413295456598792e-12
74,2.5753155559019464e-12
75,2.6092785367013898e-12
76,2.643218435807311e-12
77,2.6771352015433394e-12
78,2.7110287828411707e-12
79,2.7448991292710013e-12
80,2.778746191069077e-12
81,2.81256991916245e-12
82,2.8463702651911787e-12
83,2.8801471815280795e-12
84,2.9139006212961977e-12
85,2.9476305383841417e-12
86,2.9813368874593734e-12
87,3.0150196239796566e-12
88,3.0486787042026894e-12
89,3.0823140851941124e-12
90,3.1159257248339572e-12
91,3.1495135818216366e-12
92,3.183077615679604e-12
93,3.2166177867557277e-12
94,3.2501340562245175e-12
95,3.2836263860872237e-12
96,3.3170947391709596e-12
97,3.3505390791268447e-12
98,3.383959370427305e-12
99,3.4173555783625423e-12
100,3.450727669036256e-12
101,3.4840756093607035e-12
102,3.5173993670510903e-12
103,3.5506989106194125e-12
104,3.583974209367736e-12
105,3.6172252333810174e-12
106,3.650451953519464e-12
107,3.683654341410496e-12
108,3.7168323694403484e-12
109,3.749986010745353e-12
110,3.783115239202903e-12
111,3.8162200294222005e-12
112,3.849300356734728e-12
113,3.8823561971845505e-12
114,3.91538752751844e-12
115,3.948394325175816e-12
116,3.98137656827862e-12
117,4.014334235621023e-12
118,4.047267306659107e-12
119,4.080175761500428e-12
120,4.1130595808935686e-12
121,4.14591874621766e-12
122,4.1787532394718516e-12
123,4.2115630432648394e-12
124,4.244348140804348e-12
125,4.277108515886692e-12
126,4.309844152886333e-12
127,4.342555036745496e-12
128,4.375241152963869e-12
129,4.407902487588331e-12
130,4.440539027202781e-12
131,4.47315075891804e-12
132,4.5057376703618376e-12
133,4.538299749668925e-12
134,4.570836985471243e-12
135,4.6033493668882325e-12
136,4.6358368835172465e-12
137,4.668299525424078e-12
138,4.70073728313361e-12
139,4.7331501476205855e-12
140,4.7655381103005155e-12
141,4.797901163020691e-12
142,4.8302392980513655e-12
143,4.8625525080770196e-12
144,4.894840786187832e-12
145,4.9271041258711995e-12
146,4.959342521003478e-12
147,4.991555965841798e-12
148,5.0237444550160635e-12
149,5.055907983521054e-12
150,5.088046546708709e-12
151,5.120160140280498e-12
152,5.152248760279988e-12
153,5.184312403085492e-12
154,5.216351065402907e-12
155,5.248364744258665e-12
156,5.280353436992808e-12
157,5.3123171412522295e-12
158,5.344255854984018e-12
159,5.376169576428982e-12
160,5.408058304115237e-12
161,5.4399220368520075e-12
162,5.471760773723476e-12
163,5.503574514082827e-12
164,5.535363257546372e-12
165,5.567127003987833e-12
166,5.59886575353272e-12
167,5.630579506552869e-12
168,5.662268263661043e-12
169,5.693932025705711e-12
170,5.7255707937659184e-12
171,5.757184569146246e-12
172,5.7887733533719344e-12
173,5.820337148184089e-12
174,5.8518759555349805e-12
175,5.883389777583494e-12
176,5.91487861669064e-12
177,5.946342475415202e-12
178,5.977781356509483e-12
179,6.00919526291511e-12
180,6.040584197758999e-12
181,6.0719481643493856e-12
182,6.1032871661719354e-12
183,6.134601206885967e-12
184,6.1658902903207685e-12
185,6.197154420471993e-12
186,6.228393601498139e-12
187,6.259607837717121e-12
188,6.290797133602938e-12
189,6.321961493782386e-12
190,6.3531009230318895e-12
191,6.384215426274396e-12
192,6.415305008576333e-12
193,6.446369675144671e-12
194,6.477409431324027e-12
195,6.508424282593858e-12
196,6.539414234565734e-12
197,6.570379292980653e-12
198,6.601319463706429e-12
199,6.632234752735175e-12
200,6.663125166180808e-12
201,6.693990710276649e-12
202,6.724831391373055e-12
203,6.755647215935136e-12
204,6.786438190540525e-12
205,6.817204321877179e-12
206,6.84794561674128e-12
207,6.8786620820351385e-12
208,6.9093537247651926e-12
209,6.940020552040049e-12
210,6.970662571068539e-12
211,7.00127978915788e-12
212,7.03187221371183e-12
213,7.062439852228933e-12
214,7.092982712300781e-12
215,7.123500801610326e-12
216,7.153994127930247e-12
217,7.184462699121341e-12
218,7.214906523130958e-12
219,7.245325607991494e-12
220,7.275719961818911e-12
221,7.306089592811275e-12
222,7.336434509247363e-12
223,7.366754719485278e-12
224,7.397050231961128e-12
225,7.42732105518772e-12
226,7.45756719775327e-12
227,7.487788668320187e-12
228,7.517985475623854e-12
229,7.548157628471458e-12
230,7.578305135740825e-12
231,7.60842800637933e-12
232,7.638526249402785e-12
233,7.668599873894366e-12
234,7.69864888900361e-12
235,7.728673303945369e-12
236,7.758673127998846e-12
237,7.788648370506613e-12
238,7.818599040873693e-12
239,7.848525148566629e-12
240,7.878426703112599e-12
241,7.908303714098539e-12
242,7.938156191170297e-12
243,7.96798414403179e-12
244,7.997787582444231e-12
245,8.027566516225285e-12
246,8.057320955248335e-12
247,8.087050909441727e-12
248,8.116756388788018e-12
249,8.146437403323265e-12
250,8.176093963136333e-12
251,8.2057260783682e-12
252,8.235333759211278e-12
253,8.264917015908794e-12
254,8.294475858754109e-12
255,8.324010298090135e-12
256,8.353520344308683e-12
257,8.383006007849906e-12
258,8.412467299201692e-12
259,8.441904228899108e-12
260,8.47131680752383e-12
261,8.500705045703609e-12
262,8.530068954111738e-12
263,8.559408543466522e-12
264,8.588723824530777e-12
265,8.618014808111333e-12
266,8.647281505058523e-12
267,8.676523926265742e-12
268,8.705742082668947e-12
269,8.734935985246216e-12
270,8.764105645017292e-12
271,8.793251073043144e-12
272,8.822372280425534e-12
273,8.851469278306609e-12
274,8.88054207786846e-12
275,8.909590690332736e-12
276,8.938615126960255e-12
277,8.967615399050577e-12
278,8.996591517941665e-12
279,9.025543495009473e-12
280,9.054471341667608e-12
281,9.083375069366947e-12
282,9.11225468959528e-12
283,9.14111021387698e-12
284,9.16994165377265e-12
285,9.198749020878786e-12
286,9.227532326827439e-12
287,9.256291583285916e-12
288,9.285026801956419e-12
289,9.313737994575782e-12
290,9.34242517291511e-12
291,9.371088348779521e-12
292,9.399727534007824e-12
293,9.428342740472215e-12
294,9.456933980078023e-12
295,9.485501264763387e-12
296,9.514044606498993e-12
297,9.542564017287813e-12
298,9.571059509164804e-12
299,9.599531094196655e-12
300,9.62797878448153e-12
301,9.6564025921488e-12
302,9.68480252935877e-12
303,9.713178608302464e-12
304,9.741530841201348e-12
305,9.769859240307083e-12
306,9.798163817901304e-12
307,9.826444586295348e-12
308,9.85470155783005e-12
309,9.8829347448755e-12
310,9.911144159830794e-12
311,9.939329815123827e-12
312,9.967491723211079e-12
313,9.995629896577342e-12
314,1.002374434773557e-11
315,1.0051835089226606e-11
316,1.0079902133618997e-11
317,1.010794549350877e-11
318,1.013596518151923e-11
319,1.016396121030075e-11
320,1.0191933592530558e-11
321,1.0219882340912551e-11
322,1.0247807468177085e-11
323,1.0275708987080767e-11
324,1.0303586910406265e-11
325,1.0331441250962134e-11
326,1.0359272021582591e-11
327,1.038707923512734e-11
328,1.0414862904481379e-11
329,1.0442623042554826e-11
330,1.0470359662282698e-11
331,1.0498072776624779e-11
332,1.0525762398565397e-11
333,1.0553428541113243e-11
334,1.0581071217301229e-11
335,1.0608690440186272e-11
336,1.0636286222849132e-11
337,1.0663858578394244e-11
338,1.0691407519949524e-11
339,1.0718933060666223e-11
340,1.074643521371875e-11
341,1.0773913992304483e-11
342,1.0801369409643617e-11
343,1.0828801478979004e-11
344,1.0856210213575966e-11
345,1.0883595626722163e-11
346,1.0910957731727394e-11
347,1.0938296541923453e-11
348,1.0965612070663972e-11
349,1.0992904331324256e-11
350,1.1020173337301121e-11
351,1.1047419102012739e-11
352,1.107464163889849e-11
353,1.110184096141879e-11
354,1.1129017083054944e-11
355,1.1156170017309007e-11
356,1.1183299777703602e-11
357,1.1210406377781798e-11
358,1.1237489831106933e-11
359,1.1264550151262486e-11
360,1.1291587351851918e-11
361,1.1318601446498515e-11
362,1.1345592448845267e-11
363,1.1372560372554697e-11
364,1.1399505231308715e-11
365,1.1426427038808502e-11
366,1.1453325808774325e-11
367,1.1480201554945432e-11
368,1.1507054291079886e-11
369,1.1533884030954424e-11
370,1.1560690788364338e-11
371,1.1587474577123302e-11
372,1.1614235411063263e-11
373,1.1640973304034285e-11
374,1.166768826990441e-11
375,1.1694380322559536e-11
376,1.1721049475903268e-11
377,1.1747695743856778e-11
378,1.177431914035868e-11
379,1.18009196793649e-11
380,1.1827497374848527e-11
381,1.1854052240799687e-11
382,1.188058429122542e-11
383,1.190709354014952e-11
384,1.193358000161244e-11
385,1.1960043689671136e-11
386,1.1986484618398951e-11
387,1.201290280188547e-11
388,1.2039298254236407e-11
389,1.2065670989573465e-11
390,1.2092021022034223e-11
391,1.2118348365771987e-11
392,1.214465303495569e-11
393,1.2170935043769737e-11
394,1.2197194406413903e-11
395,1.222343113710319e-11
396,1.224964525006774e-11
397,1.2275836759552648e-11
398,1.2302005679817888e-11
399,1.232815202513819e-11
400,1.2354275809802884e-11
401,1.2380377048115815e-11
402,1.2406455754395197e-11
403,1.2432511942973506e-11
404,1.2458545628197348e-11
405,1.2484556824427345e-11
406,1.2510545546038043e-11
407,1.2536511807417735e-11
408,1.2562455622968394e-11
409,1.2588377007105537e-11
410,1.2614275974258109e-11
411,1.2640152538868353e-11
412,1.266600671539173e-11
413,1.2691838518296759e-11
414,1.271764796206494e-11
415,1.2743435061190608e-11
416,1.2769199830180848e-11
417,1.2794942283555365e-11
418,1.2820662435846358e-11
419,1.2846360301598448e-11
420,1.287203589536852e-11
421,1.2897689231725631e-11
422,1.2923320325250912e-11
423,1.2948929190537447e-11
424,1.2974515842190141e-11
425,1.3000080294825641e-11
426,1.3025622563072214e-11
427,1.3051142661569643e-11
428,1.3076640604969106e-11
429,1.3102116407933081e-11
430,1.3127570085135232e-11
431,1.3153001651260305e-11
432,1.3178411121004018e-11
433,1.3203798509072949e-11
434,1.3229163830184453e-11
435,1.325450709906653e-11
436,1.3279828330457728e-11
437,1.3305127539107056e-11
438,1.3330404739773841e-11
439,1.3355659947227675e-11
440,1.3380893176248262e-11
441,1.3406104441625357e-11
442,1.3431293758158632e-11
443,1.345646114065759e-11
444,1.3481606603941459e-11
445,1.350673016283909e-11
446,1.3531831832188874e-11
447,1.3556911626838599e-11
448,1.3581969561645399e-11
449,1.3607005651475621e-11
450,1.3632019911204737e-11
451,1.3657012355717247e-11
452,1.368198299990659e-11
453,1.3706931858675015e-11
454,1.3731858946933516e-11
455,1.3756764279601717e-11
456,1.3781647871607789e-11
457,1.3806509737888346e-11
458,1.3831349893388329e-11
459,1.3856168353060957e-11
460,1.3880965131867587e-11
461,1.3905740244777639e-11
462,1.3930493706768518e-11
463,1.3955225532825473e-11
464,1.3979935737941558e-11
465,1.40046243371175e-11
466,1.4029291345361627e-11
467,1.405393677768976e-11
468,1.407856064912514e-11
469,1.4103162974698321e-11
470,1.4127743769447086e-11
471,1.4152303048416342e-11
472,1.4176840826658067e-11
473,1.4201357119231167e-11
474,1.4225851941201435e-11
475,1.425032530764143e-11
476,1.4274777233630402e-11
477,1.4299207734254197e-11
478,1.432361682460518e-11
479,1.4348004519782133e-11
480,1.4372370834890171e-11
481,1.4396715785040669e-11
482,1.4421039385351157e-11
483,1.4445341650945246e-11
484,1.4469622596952526e-11
485,1.4493882238508503e-11
486,1.4518120590754503e-11
487,1.4542337668837585e-11
488,1.4566533487910445e-11
489,1.4590708063131374e-11
490,1.461486140966411e-11
491,1.4638993542677816e-11
492,1.4663104477346974e-11
493,1.4687194228851277e-11
494,1.4711262812375584e-11
495,1.4735310243109826e-11
496,1.4759336536248907e-11
497,1.478334170699266e-11
498,1.4807325770545726e-11
499,1.4831288742117497e-11
500,1.4855230636922028e-11
501,1.487915147017796e-11
502,1.4903051257108448e-11
503,1.4926930012941065e-11
504,1.4950787752907726e-11
505,1.4974624492244628e-11
506,1.4998440246192157e-11
507,1.5022235029994808e-11
508,1.5046008858901117e-11
509,1.5069761748163574e-11
510,1.5093493713038557e-11
511,1.5117204768786246e-11
512,1.5140894930670553e-11
513,1.5164564213959055e-11
514,1.518821263392288e-11
515,1.5211840205836694e-11
516,1.523544694497857e-11
517,1.5259032866629936e-11
518,1.528259798607552e-11
519,1.530614231860324e-11
520,1.532966587950415e-11
521,1.535316868407237e-11
522,1.5376650747605008e-11
523,1.5400112085402084e-11
524,1.5423552712766466e-11
525,1.544697264500379e-11
526,1.54703718974224e-11
527,1.5493750485333247e-11
528,1.551710842404988e-11
529,1.5540445728888305e-11
530,1.5563762415166948e-11
531,1.5587058498206598e-11
532,1.5610333993330317e-11
533,1.5633588915863375e-11
534,1.565682328113318e-11
535,1.5680037104469208e-11
536,1.570323040120296e-11
537,1.5726403186667853e-11
538,1.5749555476199176e-11
539,1.5772687285134028e-11
540,1.579579862881123e-11
541,1.5818889522571276e-11
542,1.584195998175626e-11
543,1.5865010021709818e-11
544,1.5888039657777043e-11
545,1.591104890530444e-11
546,1.5934037779639846e-11
547,1.595700629613238e-11
548,1.5979954470132362e-11
549,1.6002882316991262e-11
550,1.602578985206162e-11
551,1.6048677090697017e-11
552,1.6071544048251958e-11
553,1.6094390740081855e-11
554,1.6117217181542946e-11
555,1.6140023387992232e-11
556,1.616280937478742e-11
557,1.6185575157286858e-11
558,1.620832075084946e-11
559,1.623104617083468e-11
560,1.62537514326024e-11
561,1.6276436551512933e-11
562,1.62991015429269e-11
563,1.632174642220522e-11
564,1.634437120470899e-11
565,1.6366975905799505e-11
566,1.6389560540838136e-11
567,1.6412125125186293e-11
568,1.6434669674205354e-11
569,1.645719420325664e-11
570,1.647969872770131e-11
571,1.6502183262900353e-11
572,1.6524647824214474e-11
573,1.6547092427004085e-11
574,1.6569517086629226e-11
575,1.6591921818449503e-11
576,1.661430663782406e-11
577,1.6636671560111475e-11
578,1.665901660066976e-11
579,1.6681341774856246e-11
580,1.6703647098027584e-11
581,1.6725932585539646e-11
582,1.6748198252747505e-11
583,1.677044411500535e-11
584,1.6792670187666434e-11
585,1.6814876486083053e-11
586,1.6837063025606466e-11
587,1.6859229821586828e-11
588,1.688137688937316e-11
589,1.69035042443133e-11
590,1.6925611901753827e-11
591,1.6947699877040016e-11
592,1.696976818551581e-11
593,1.6991816842523726e-11
594,1.7013845863404837e-11
595,1.7035855263498693e-11
596,1.7057845058143308e-11
597,1.7079815262675072e-11
598,1.7101765892428712e-11
599,1.7123696962737242e-11
600,1.714560848893192e-11
601,1.7167500486342187e-11
602,1.7189372970295628e-11
603,1.7211225956117908e-11
604,1.7233059459132725e-11
605,1.7254873494661778e-11
606,1.7276668078024703e-11
607,1.729844322453902e-11
608,1.7320198949520107e-11
609,1.7341935268281124e-11
610,1.7363652196132976e-11
611,1.738534974838428e-11
612,1.7407027940341283e-11
613,1.7428686787307863e-11
614,1.7450326304585436e-11
615,1.7471946507472935e-11
616,1.749354741126676e-11
617,1.7515129031260713e-11
618,1.7536691382745993e-11
619,1.75582344810111e-11
620,1.7579758341341826e-11
621,1.7601262979021195e-11
622,1.762274840932942e-11
623,1.7644214647543863e-11
624,1.7665661708938974e-11
625,1.768708960878627e-11
626,1.770849836235427e-11
627,1.7729887984908468e-11
628,1.7751258491711272e-11
629,1.7772609898021973e-11
630,1.7793942219096697e-11
631,1.7815255470188366e-11
632,1.783654966654665e-11
633,1.7857824823417914e-11
634,1.787908095604522e-11
635,1.7900318079668205e-11
636,1.7921536209523126e-11
637,1.7942735360842763e-11
638,1.7963915548856392e-11
639,1.7985076788789737e-11
640,1.8006219095864953e-11
641,1.802734248530055e-11
642,1.8048446972311383e-11
643,1.806953257210859e-11
644,1.809059929989957e-11
645,1.8111647170887918e-11
646,1.813267620027341e-11
647,1.815368640325195e-11
648,1.8174677795015535e-11
649,1.8195650390752217e-11
650,1.8216604205646048e-11
651,1.8237539254877066e-11
652,1.8258455553621247e-11
653,1.827935311705045e-11
654,1.8300231960332407e-11
655,1.8321092098630656e-11
656,1.8341933547104536e-11
657,1.8362756320909106e-11
658,1.838356043519515e-11
659,1.840434590510912e-11
660,1.8425112745793094e-11
661,1.8445860972384747e-11
662,1.8466590600017317e-11
663,1.848730164381956e-11
664,1.8507994118915722e-11
665,1.8528668040425492e-11
666,1.8549323423463983e-11
667,1.856996028314167e-11
668,1.8590578634564387e-11
669,1.861117849283327e-11
670,1.8631759873044713e-11
671,1.865232279029037e-11
672,1.867286725965708e-11
673,1.869339329622685e-11
674,1.8713900915076826e-11
675,1.8734390131279247e-11
676,1.8754860959901423e-11
677,1.8775313416005687e-11
678,1.879574751464937e-11
679,1.881616327088478e-11
680,1.8836560699759117e-11
681,1.885693981631452e-11
682,1.8877300635587972e-11
683,1.8897643172611288e-11
684,1.8917967442411076e-11
685,1.8938273460008716e-11
686,1.895856124042033e-11
687,1.8978830798656716e-11
688,1.8999082149723354e-11
689,1.9019315308620377e-11
690,1.90395302903425e-11
691,1.9059727109879025e-11
692,1.9079905782213792e-11
693,1.910006632232516e-11
694,1.912020874518595e-11
695,1.9140333065763456e-11
696,1.9160439299019384e-11
697,1.918052745990982e-11
698,1.9200597563385226e-11
699,1.9220649624390376e-11
700,1.9240683657864357e-11
701,1.926069967874051e-11
702,1.928069770194643e-11
703,1.9300677742403916e-11
704,1.9320639815028953e-11
705,1.934058393473167e-11
706,1.936051011641633e-11
707,1.9380418374981274e-11
708,1.9400308725318925e-11
709,1.9420181182315745e-11
710,1.9440035760852186e-11
711,1.945987247580269e-11
712,1.9479691342035667e-11
713,1.9499492374413438e-11
714,1.9519275587792216e-11
715,1.9539040997022095e-11
716,1.9558788616947018e-11
717,1.9578518462404728e-11
718,1.9598230548226767e-11
719,1.961792488923844e-11
720,1.963760150025877e-11
721,1.9657260396100517e-11
722,1.96769015915701e-11
723,1.969652510146761e-11
724,1.9716130940586757e-11
725,1.973571912371487e-11
726,1.9755289665632833e-11
727,1.9774842581115092e-11
728,1.9794377884929642e-11
729,1.981389559183796e-11
730,1.983339571659499e-11
731,1.9852878273949154e-11
732,1.9872343278642275e-11
733,1.9891790745409606e-11
734,1.9911220688979747e-11
735,1.9930633124074678e-11
736,1.9950028065409694e-11
737,1.9969405527693395e-11
738,1.9988765525627666e-11
739,2.0008108073907658e-11
740,2.0027433187221726e-11
741,2.0046740880251467e-11
742,2.0066031167671644e-11
743,2.008530406415019e-11
744,2.010455958434819e-11
745,2.0123797742919823e-11
746,2.0143018554512374e-11
747,2.0162222033766192e-11
748,2.0181408195314685e-11
749,2.0200577053784284e-11
750,2.0219728623794423e-11
751,2.0238862919957515e-11
752,2.025797995687893e-11
753,2.0277079749156983e-11
754,2.0296162311382902e-11
755,2.0315227658140805e-11
756,2.0334275804007695e-11
757,2.035330676355341e-11
758,2.0372320551340627e-11
759,2.0391317181924835e-11
760,2.0410296669854295e-11
761,2.0429259029670057e-11
762,2.0448204275905904e-11
763,2.046713242308835e-11
764,2.0486043485736607e-11
765,2.0504937478362584e-11
766,2.0523814415470842e-11
767,2.0542674311558583e-11
768,2.0561517181115662e-11
769,2.0580343038624494e-11
770,2.0599151898560128e-11
771,2.0617943775390147e-11
772,2.0636718683574676e-11
773,2.0655476637566397e-11
774,2.0674217651810474e-11
775,2.0692941740744562e-11
776,2.0711648918798792e-11
777,2.0730339200395742e-11
778,2.074901259995043e-11
779,2.0767669131870275e-11
780,2.0786308810555095e-11
781,2.0804931650397086e-11
782,2.08235376657808e-11
783,2.084212687108314e-11
784,2.086069928067331e-11
785,2.0879254908912835e-11
786,2.0897793770155524e-11
787,2.0916315878747452e-11
788,2.0934821249026934e-11
789,2.0953309895324543e-11
790,2.097178183196305e-11
791,2.0990237073257436e-11
792,2.1008675633514853e-11
793,2.102709752703462e-11
794,2.1045502768108216e-11
795,2.106389137101924e-11
796,2.1082263350043417e-11
797,2.1100618719448556e-11
798,2.111895749349456e-11
799,2.1137279686433392e-11
800,2.1155585312509063e-11
801,2.1173874385957634e-11
802,2.1192146921007152e-11
803,2.1210402931877696e-11
804,2.1228642432781315e-11
805,2.124686543792204e-11
806,2.1265071961495847e-11
807,2.128326201769065e-11
808,2.1301435620686293e-11
809,2.1319592784654528e-11
810,2.1337733523759003e-11
811,2.1355857852155244e-11
812,2.137396578399063e-11
813,2.1392057333404414e-11
814,2.1410132514527653e-11
815,2.142819134148325e-11
816,2.1446233828385896e-11
817,2.146425998934209e-11
818,2.1482269838450093e-11
819,2.1500263389799933e-11
820,2.1518240657473384e-11
821,2.1536201655543972e-11
822,2.1554146398076913e-11
823,2.1572074899129168e-11
824,2.158998717274935e-11
825,2.1607883232977787e-11
826,2.1625763093846462e-11
827,2.1643626769379004e-11
828,2.166147427359069e-11
829,2.1679305620488407e-11
830,2.1697120824070693e-11
831,2.1714919898327653e-11
832,2.1732702857240984e-11
833,2.1750469714783978e-11
834,2.1768220484921463e-11
835,2.1785955181609834e-11
836,2.180367381879703e-11
837,2.1821376410422484e-11
838,2.183906297041718e-11
839,2.185673351270358e-11
840,2.187438805119563e-11
841,2.1892026599798774e-11
842,2.19096491724099e-11
843,2.1927255782917368e-11
844,2.1944846445200952e-11
845,2.1962421173131878e-11
846,2.1979979980572787e-11
847,2.1997522881377715e-11
848,2.2015049889392107e-11
849,2.203256101845277e-11
850,2.2050056282387917e-11
851,2.20675356950171e-11
852,2.2084999270151204e-11
853,2.21024470215925e-11
854,2.211987896313454e-11
855,2.2137295108562234e-11
856,2.215469547165177e-11
857,2.217208006617064e-11
858,2.2189448905877634e-11
859,2.22068020045228e-11
860,2.2224139375847467e-11
861,2.2241461033584204e-11
862,2.2258766991456838e-11
863,2.2276057263180428e-11
864,2.2293331862461257e-11
865,2.231059080299681e-11
866,2.2327834098475802e-11
867,2.2345061762578128e-11
868,2.236227380897486e-11
869,2.237947025132827e-11
870,2.239665110329178e-11
871,2.2413816378509976e-11
872,2.2430966090618585e-11
873,2.2448100253244478e-11
874,2.246521888000566e-11
875,2.2482321984511242e-11
876,2.2499409580361467e-11
877,2.2516481681147664e-11
878,2.253353830045227e-11
879,2.255057945184878e-11
880,2.2567605148901806e-11
881,2.258461540516699e-11
882,2.2601610234191055e-11
883,2.2618589649511773e-11
884,2.2635553664657947e-11
885,2.2652502293149423e-11
886,2.266943554849708e-11
887,2.2686353444202796e-11
888,2.2703255993759474e-11
889,2.2720143210651012e-11
890,2.27370151083523e-11
891,2.2753871700329226e-11
892,2.2770713000038636e-11
893,2.2787539020928375e-11
894,2.2804349776437213e-11
895,2.2821145279994912e-11
896,2.2837925545022158e-11
897,2.285469058493059e-11
898,2.2871440413122776e-11
899,2.2888175042992203e-11
900,2.29048944879233e-11
901,2.292159876129137e-11
902,2.2938287876462648e-11
903,2.295496184679427e-11
904,2.2971620685634245e-11
905,2.2988264406321472e-11
906,2.3004893022185736e-11
907,2.302150654654768e-11
908,2.303810499271881e-11
909,2.305468837400151e-11
910,2.3071256703688982e-11
911,2.308780999506531e-11
912,2.310434826140538e-11
913,2.3120871515974934e-11
914,2.3137379772030532e-11
915,2.315387304281955e-11
916,2.317035134158018e-11
917,2.3186814681541425e-11
918,2.3203263075923084e-11
919,2.3219696537935757e-11
920,2.3236115080780822e-11
921,2.3252518717650455e-11
922,2.32689074617276e-11
923,2.3285281326185987e-11
924,2.3301640324190092e-11
925,2.3317984468895175e-11
926,2.3334313773447235e-11
927,2.3350628250983028e-11
928,2.3366927914630065e-11
929,2.3383212777506575e-11
930,2.3399482852721542e-11
931,2.341573815337468e-11
932,2.3431978692556417e-11
933,2.3448204483347902e-11
934,2.3464415538820997e-11
935,2.3480611872038294e-11
936,2.3496793496053066e-11
937,2.35129604239093e-11
938,2.3529112668641683e-11
939,2.3545250243275573e-11
940,2.3561373160827032e-11
941,2.3577481434302803e-11
942,2.3593575076700305e-11
943,2.3609654101007623e-11
944,2.3625718520203522e-11
945,2.364176834725743e-11
946,2.3657803595129435e-11
947,2.3673824276770272e-11
948,2.3689830405121343e-11
949,2.3705821993114684e-11
950,2.372179905367299e-11
951,2.3737761599709592e-11
952,2.3753709644128452e-11
953,2.376964319982417e-11
954,2.378556227968197e-11
955,2.3801466896577706e-11
956,2.3817357063377862e-11
957,2.3833232792939518e-11
958,2.3849094098110397e-11
959,2.3864940991728803e-11
960,2.3880773486623665e-11
961,2.3896591595614527e-11
962,2.391239533151151e-11
963,2.3928184707115353e-11
964,2.3943959735217374e-11
965,2.39597204285995e-11
966,2.3975466800034226e-11
967,2.3991198862284648e-11
968,2.400691662810444e-11
969,2.4022620110237858e-11
970,2.4038309321419724e-11
971,2.405398427437545e-11
972,2.4069644981821006e-11
973,2.408529145646294e-11
974,2.4100923710998355e-11
975,2.4116541758114928e-11
976,2.413214561049089e-11
977,2.4147735280795028e-11
978,2.4163310781686692e-11
979,2.417887212581578e-11
980,2.419441932582274e-11
981,2.420995239433858e-11
982,2.4225471343984825e-11
983,2.424097618737358e-11
984,2.4256466937107476e-11
985,2.427194360577967e-11
986,2.4287406205973875e-11
987,2.4302854750264337e-11
988,2.4318289251215826e-11
989,2.433370972138366e-11
990,2.4349116173313666e-11
991,2.4364508619542212e-11
992,2.437988707259619e-11
993,2.4395251544993022e-11
994,2.441060204924064e-11
995,2.4425938597837506e-11
996,2.444126120327259e-11
997,2.4456569878025397e-11
998,2.4471864634565946e-11
999,2.448714548535476e-11
1000,2.4502412442842872e-11
