,AGWP_ch4
0,0.0
1,1.988909185438886e-14
2,3.9610812333937304e-14
3,5.916701231096666e-14
4,7.855949896054203e-14
5,9.779003757775776e-14
6,1.1686035331120295e-13
7,1.3577213281640175e-13
8,1.545270258328535e-13
9,1.7312664668813857e-13
10,1.915725757324042e-13
11,2.09866360706397e-13
12,2.2800951804606877e-13
13,2.460035341266503e-13
14,2.6384986644895596e-13
15,2.8154994477056363e-13
16,2.991051721843924e-13
17,3.165169261470966e-13
18,3.337865594595731e-13
19,3.5091540120179413e-13
20,3.6790475762406397e-13
21,3.8475591299671386e-13
22,4.014701304201537e-13
23,4.1804865259711806e-13
24,4.344927025688583e-13
25,4.5080348441695543e-13
26,4.669821839323523e-13
27,4.83029969253133e-13
28,4.989479914725101e-13
29,5.147373852184073e-13
30,5.303992692059727e-13
31,5.45934746764294e-13
32,5.613449063385179e-13
33,5.766308219685455e-13
34,5.917935537453969e-13
35,6.068341482463092e-13
36,6.217536389495654e-13
37,6.365530466300242e-13
38,6.512333797362615e-13
39,6.65795634750203e-13
40,6.802407965300795e-13
41,6.945698386375058e-13
42,7.087837236494389e-13
43,7.228834034557469e-13
44,7.368698195430728e-13
45,7.507439032656606e-13
46,7.645065761037704e-13
47,7.781587499102795e-13
48,7.917013271460493e-13
49,8.051352011045969e-13
50,8.184612561265951e-13
51,8.316803678046988e-13
52,8.447934031791672e-13
53,8.578012209247345e-13
54,8.707046715291596e-13
55,8.835045974638628e-13
56,8.962018333470419e-13
57,9.087972060996356e-13
58,9.212915350944944e-13
59,9.336856322990907e-13
60,9.459803024120931e-13
61,9.58176342994111e-13
62,9.70274544592896e-13
63,9.8227569086329e-13
64,9.941805586821649e-13
65,1.005989918258628e-12
66,1.0177045332397129e-12
67,1.0293251608117957e-12
68,1.0408525517979516e-12
69,1.0522874507514519e-12
70,1.063630596045607e-12
71,1.0748827199601347e-12
72,1.0860445487642349e-12
73,1.0971168027965404e-12
74,1.1081001965420997e-12
75,1.1189954387065515e-12
76,1.1298032322876296e-12
77,1.1405242746441376e-12
78,1.1511592575625314e-12
79,1.161708867321218e-12
80,1.1721737847527106e-12
81,1.1825546853037308e-12
82,1.1928522390933807e-12
83,1.2030671109694747e-12
84,1.2131999605631383e-12
85,1.223251442341753e-12
86,1.233222205660343e-12
87,1.2431128948114827e-12
88,1.252924149073801e-12
89,1.262656602759159e-12
90,1.272310885258571e-12
91,1.2818876210869318e-12
92,1.291387429926618e-12
93,1.3008109266700188e-12
94,1.3101587214610546e-12
95,1.3194314197357381e-12
96,1.3286296222618235e-12
97,1.337753925177598e-12
98,1.3468049200298591e-12
99,1.3557831938111136e-12
100,1.3646893289960515e-12
101,1.373523903577321e-12
102,1.3822874911006505e-12
103,1.390980660699341e-12
104,1.3996039771281749e-12
105,1.4081580007967589e-12
106,1.4166432878023367e-12
107,1.4250603899620985e-12
108,1.433409854845009e-12
109,1.4416922258031832e-12
110,1.4499080420028272e-12
111,1.458057838454772e-12
112,1.466142146044613e-12
113,1.474161491562482e-12
114,1.482116397732462e-12
115,1.490007383241668e-12
116,1.497834962769006e-12
117,1.5055996470136245e-12
118,1.5133019427230782e-12
119,1.5209423527212064e-12
120,1.5285213759357515e-12
121,1.5360395074257168e-12
122,1.5434972384084823e-12
123,1.5508950562866883e-12
124,1.558233444674889e-12
125,1.5655128834259954e-12
126,1.572733848657508e-12
127,1.5798968127775477e-12
128,1.5870022445106997e-12
129,1.5940506089236638e-12
130,1.6010423674507323e-12
131,1.6079779779190877e-12
132,1.6148578945739368e-12
133,1.6216825681034768e-12
134,1.628452445663709e-12
135,1.6351679709030888e-12
136,1.6418295839870335e-12
137,1.64843772162228e-12
138,1.654992817081098e-12
139,1.6614953002253668e-12
140,1.6679455975305093e-12
141,1.6743441321092982e-12
142,1.6806913237355223e-12
143,1.6869875888675316e-12
144,1.6932333406716475e-12
145,1.6994289890454502e-12
146,1.7055749406409427e-12
147,1.7116715988875905e-12
148,1.7177193640152407e-12
149,1.723718633076922e-12
150,1.7296697999715246e-12
151,1.7355732554663654e-12
152,1.741429387219631e-12
153,1.7472385798027125e-12
154,1.7530012147224176e-12
155,1.7587176704430736e-12
156,1.7643883224085144e-12
157,1.7700135430639537e-12
158,1.7755937018777473e-12
159,1.7811291653630418e-12
160,1.7866202970993087e-12
161,1.7920674577537734e-12
162,1.7974710051027235e-12
163,1.8028312940527142e-12
164,1.8081486766616564e-12
165,1.8134235021597964e-12
166,1.818656116970584e-12
167,1.8238468647314295e-12
168,1.828996086314351e-12
169,1.834104119846507e-12
170,1.8391713007306227e-12
171,1.8441979616653043e-12
172,1.849184432665238e-12
173,1.854131041081285e-12
174,1.8590381116204597e-12
175,1.8639059663657983e-12
176,1.8687349247961204e-12
177,1.8735253038056735e-12
178,1.8782774177236674e-12
179,1.882991578333702e-12
180,1.8876680948930785e-12
181,1.892307274152001e-12
182,1.8969094203726676e-12
183,1.9014748353482483e-12
184,1.9060038184217524e-12
185,1.9104966665047853e-12
186,1.914953674096192e-12
187,1.9193751333005873e-12
188,1.923761333846781e-12
189,1.9281125631060833e-12
190,1.932429106110504e-12
191,1.93671124557084e-12
192,1.9409592618946466e-12
193,1.9451734332041028e-12
194,1.949354035353764e-12
195,1.9535013419481973e-12
196,1.9576156243595172e-12
197,1.9616971517447977e-12
198,1.96574619106338e-12
199,1.969763007094071e-12
200,1.973747862452224e-12
201,1.9777010176067156e-12
202,1.9816227308968064e-12
203,1.9855132585488954e-12
204,1.9893728546931636e-12
205,1.9932017713801024e-12
206,1.9970002585969412e-12
207,2.0007685642839573e-12
208,2.0045069343506776e-12
209,2.0082156126919794e-12
210,2.0118948412040657e-12
211,2.015544859800351e-12
212,2.019165906427225e-12
213,2.0227582170797104e-12
214,2.0263220258170183e-12
215,2.02985756477799e-12
216,2.0333650641964366e-12
217,2.036844752416364e-12
218,2.040296855907101e-12
219,2.0437215992783142e-12
220,2.047119205294918e-12
221,2.0504898948918802e-12
222,2.0538338871889225e-12
223,2.057151399505116e-12
224,2.0604426473733703e-12
225,2.0637078445548193e-12
226,2.0669472030531057e-12
227,2.07016093312856e-12
228,2.0733492433122745e-12
229,2.0765123404200806e-12
230,2.079650429566417e-12
231,2.0827637141781023e-12
232,2.0858523960080036e-12
233,2.0889166751486034e-12
234,2.0919567500454683e-12
235,2.0949728175106154e-12
236,2.0979650727357855e-12
237,2.1009337093056055e-12
238,2.1038789192106666e-12
239,2.1068008928604934e-12
240,2.1096998190964205e-12
241,2.112575885204373e-12
242,2.1154292769275457e-12
243,2.1182601784789916e-12
244,2.121068772554114e-12
245,2.123855240343058e-12
246,2.1266197615430158e-12
247,2.1293625143704326e-12
248,2.1320836755731195e-12
249,2.134783420442278e-12
250,2.1374619228244217e-12
251,2.140119355133222e-12
252,2.142755888361245e-12
253,2.1453716920916117e-12
254,2.1479669345095596e-12
255,2.150541782413916e-12
256,2.1530964012284873e-12
257,2.155630955013349e-12
258,2.158145606476061e-12
259,2.1606405169827824e-12
260,2.1631158465693078e-12
261,2.1655717539520147e-12
262,2.168008396538721e-12
263,2.1704259304394647e-12
264,2.1728245104771922e-12
265,2.1752042901983632e-12
266,2.177565421883476e-12
267,2.179908056557504e-12
268,2.182232344000252e-12
269,2.1845384327566315e-12
270,2.1868264701468516e-12
271,2.189096602276531e-12
272,2.1913489740467282e-12
273,2.1935837291638917e-12
274,2.1958010101497304e-12
275,2.1980009583510073e-12
276,2.200183713949252e-12
277,2.202349415970396e-12
278,2.2044982022943307e-12
279,2.2066302096643905e-12
280,2.2087455736967565e-12
281,2.2108444288897854e-12
282,2.2129269086332665e-12
283,2.2149931452175966e-12
284,2.2170432698428894e-12
285,2.2190774126280066e-12
286,2.2210957026195136e-12
287,2.2230982678005692e-12
288,2.2250852350997358e-12
289,2.2270567303997265e-12
290,2.2290128785460704e-12
291,2.2309538033557204e-12
292,2.232879627625577e-12
293,2.2347904731409555e-12
294,2.236686460683976e-12
295,2.238567710041887e-12
296,2.2404343400153222e-12
297,2.242286468426489e-12
298,2.2441242121272905e-12
299,2.2459476870073796e-12
300,2.24775700800215e-12
301,2.2495522891006595e-12
302,2.251333643353488e-12
303,2.2531011828805324e-12
304,2.2548550188787394e-12
305,2.256595261629769e-12
306,2.2583220205076e-12
307,2.2600354039860734e-12
308,2.2617355196463694e-12
309,2.2634224741844264e-12
310,2.265096373418298e-12
311,2.2667573222954486e-12
312,2.2684054248999913e-12
313,2.2700407844598624e-12
314,2.27166350335394e-12
315,2.2732736831191014e-12
316,2.274871424457225e-12
317,2.2764568272421308e-12
318,2.2780299905264674e-12
319,2.2795910125485377e-12
320,2.2811399907390734e-12
321,2.282677021727949e-12
322,2.2842022013508404e-12
323,2.2857156246558335e-12
324,2.2872173859099696e-12
325,2.288707578605746e-12
326,2.2901862954675554e-12
327,2.291653628458073e-12
328,2.293109668784596e-12
329,2.2945545069053235e-12
330,2.295988232535588e-12
331,2.297410934654035e-12
332,2.298822701508751e-12
333,2.300223620623339e-12
334,2.301613778802946e-12
335,2.3029932621402394e-12
336,2.304362156021332e-12
337,2.3057205451316615e-12
338,2.307068513461817e-12
339,2.308406144313319e-12
340,2.3097335203043527e-12
341,2.3110507233754503e-12
342,2.312357834795128e-12
343,2.3136549351654766e-12
344,2.3149421044277034e-12
345,2.316219421867631e-12
346,2.3174869661211462e-12
347,2.3187448151796078e-12
348,2.3199930463952045e-12
349,2.3212317364862736e-12
350,2.3224609615425727e-12
351,2.3236807970305045e-12
352,2.3248913177983024e-12
353,2.326092598081173e-12
354,2.3272847115063897e-12
355,2.3284677310983535e-12
356,2.3296417292836008e-12
357,2.330806777895778e-12
358,2.3319629481805696e-12
359,2.3331103108005874e-12
360,2.334248935840218e-12
361,2.335378892810431e-12
362,2.3365002506535435e-12
363,2.33761307774795e-12
364,2.338717441912809e-12
365,2.339813410412691e-12
366,2.3409010499621893e-12
367,2.3419804267304904e-12
368,2.3430516063459062e-12
369,2.344114653900371e-12
370,2.345169633953898e-12
371,2.3462166105389985e-12
372,2.3472556471650656e-12
373,2.3482868068227227e-12
374,2.3493101519881305e-12
375,2.3503257446272633e-12
376,2.351333646200147e-12
377,2.352333917665061e-12
378,2.3533266194827074e-12
379,2.3543118116203436e-12
380,2.355289553555879e-12
381,2.356259904281942e-12
382,2.357222922309907e-12
383,2.358178665673892e-12
384,2.3591271919347223e-12
385,2.3600685581838592e-12
386,2.361002821047296e-12
387,2.3619300366894246e-12
388,2.3628502608168647e-12
389,2.3637635486822646e-12
390,2.364669955088071e-12
391,2.3655695343902615e-12
392,2.366462340502053e-12
393,2.3673484268975753e-12
394,2.368227846615514e-12
395,2.369100652262722e-12
396,2.369966896017804e-12
397,2.3708266296346703e-12
398,2.371679904446056e-12
399,2.3725267713670174e-12
400,2.373367280898395e-12
401,2.3742014831302494e-12
402,2.375029427745266e-12
403,2.3758511640221356e-12
404,2.376666740838901e-12
405,2.377476206676282e-12
406,2.3782796096209656e-12
407,2.379076997368874e-12
408,2.3798684172284034e-12
409,2.380653916123637e-12
410,2.3814335405975263e-12
411,2.3822073368150535e-12
412,2.3829753505663588e-12
413,2.383737627269851e-12
414,2.3844942119752824e-12
415,2.385245149366805e-12
416,2.385990483765999e-12
417,2.3867302591348746e-12
418,2.3874645190788495e-12
419,2.3881933068497017e-12
420,2.3889166653485002e-12
421,2.3896346371285035e-12
422,2.390347264398044e-12
423,2.3910545890233805e-12
424,2.3917566525315293e-12
425,2.392453496113073e-12
426,2.393145160624944e-12
427,2.3938316865931845e-12
428,2.394513114215687e-12
429,2.3951894833649036e-12
430,2.395860833590545e-12
431,2.396527204122244e-12
432,2.3971886338722074e-12
433,2.3978451614378366e-12
434,2.3984968251043347e-12
435,2.3991436628472853e-12
436,2.3997857123352127e-12
437,2.4004230109321217e-12
438,2.4010555957000116e-12
439,2.4016835034013755e-12
440,2.4023067705016733e-12
441,2.4029254331717867e-12
442,2.403539527290454e-12
443,2.404149088446682e-12
444,2.4047541519421403e-12
445,2.4053547527935343e-12
446,2.40595092573496e-12
447,2.406542705220236e-12
448,2.4071301254252182e-12
449,2.4077132202500958e-12
450,2.408292023321665e-12
451,2.40886656799559e-12
452,2.409436887358634e-12
453,2.4100030142308857e-12
454,2.4105649811679545e-12
455,2.4111228204631554e-12
456,2.4116765641496725e-12
457,2.4122262440027047e-12
458,2.4127718915415935e-12
459,2.4133135380319324e-12
460,2.4138512144876623e-12
461,2.4143849516731425e-12
462,2.4149147801052127e-12
463,2.4154407300552296e-12
464,2.4159628315510925e-12
465,2.4164811143792498e-12
466,2.4169956080866883e-12
467,2.4175063419829067e-12
468,2.4180133451418718e-12
469,2.4185166464039593e-12
470,2.4190162743778788e-12
471,2.4195122574425783e-12
472,2.4200046237491426e-12
473,2.420493401222663e-12
474,2.4209786175641015e-12
475,2.421460300252138e-12
476,2.4219384765449937e-12
477,2.422413173482252e-12
478,2.4228844178866535e-12
479,2.4233522363658823e-12
480,2.423816655314336e-12
481,2.424277700914878e-12
482,2.4247353991405797e-12
483,2.425189775756444e-12
484,2.425640856321119e-12
485,2.4260886661885917e-12
486,2.426533230509873e-12
487,2.4269745742346644e-12
488,2.427412722113015e-12
489,2.4278476986969606e-12
490,2.42827952834215e-12
491,2.428708235209462e-12
492,2.4291338432666028e-12
493,2.4295563762896916e-12
494,2.4299758578648387e-12
495,2.4303923113897013e-12
496,2.4308057600750334e-12
497,2.4312162269462203e-12
498,2.431623734844799e-12
499,2.4320283064299697e-12
500,2.4324299641800878e-12
501,2.4328287303941525e-12
502,2.433224627193277e-12
503,2.433617676522147e-12
504,2.4340079001504673e-12
505,2.4343953196743995e-12
506,2.4347799565179827e-12
507,2.4351618319345464e-12
508,2.435540967008109e-12
509,2.4359173826547666e-12
510,2.4362910996240684e-12
511,2.4366621385003815e-12
512,2.437030519704247e-12
513,2.437396263493717e-12
514,2.4377593899656913e-12
515,2.438119919057234e-12
516,2.4384778705468844e-12
517,2.438833264055951e-12
518,2.4391861190498043e-12
519,2.4395364548391515e-12
520,2.439884290581299e-12
521,2.440229645281413e-12
522,2.440572537793759e-12
523,2.440912986822944e-12
524,2.441251010925131e-12
525,2.4415866285092616e-12
526,2.441919857838255e-12
527,2.442250717030205e-12
528,2.4425792240595605e-12
529,2.4429053967583045e-12
530,2.443229252817114e-12
531,2.4435508097865173e-12
532,2.443870085078039e-12
533,2.444187095965333e-12
534,2.444501859585315e-12
535,2.4448143929392708e-12
536,2.4451247128939705e-12
537,2.4454328361827638e-12
538,2.4457387794066704e-12
539,2.4460425590354592e-12
540,2.4463441914087207e-12
541,2.446643692736926e-12
542,2.4469410791024857e-12
543,2.4472363664607903e-12
544,2.447529570641247e-12
545,2.4478207073483074e-12
546,2.4481097921624884e-12
547,2.448396840541379e-12
548,2.4486818678206433e-12
549,2.448964889215017e-12
550,2.4492459198192886e-12
551,2.4495249746092802e-12
552,2.4498020684428144e-12
553,2.450077216060676e-12
554,2.450350432087567e-12
555,2.4506217310330463e-12
556,2.4508911272924746e-12
557,2.4511586351479376e-12
558,2.4514242687691713e-12
559,2.451688042214475e-12
560,2.4519499694316187e-12
561,2.4522100642587404e-12
562,2.4524683404252404e-12
563,2.452724811552663e-12
564,2.4529794911555753e-12
565,2.453232392642435e-12
566,2.453483529316454e-12
567,2.4537329143764547e-12
568,2.4539805609177157e-12
569,2.4542264819328145e-12
570,2.4544706903124607e-12
571,2.4547131988463254e-12
572,2.4549540202238584e-12
573,2.455193167035104e-12
574,2.4554306517715084e-12
575,2.455666486826716e-12
576,2.455900684497369e-12
577,2.456133256983888e-12
578,2.4563642163912578e-12
579,2.4565935747297973e-12
580,2.4568213439159295e-12
581,2.457047535772942e-12
582,2.457272162031741e-12
583,2.4574952343316023e-12
584,2.4577167642209116e-12
585,2.4579367631579e-12
586,2.4581552425113778e-12
587,2.4583722135614547e-12
588,2.458587687500261e-12
589,2.458801675432658e-12
590,2.4590141883769444e-12
591,2.4592252372655592e-12
592,2.4594348329457715e-12
593,2.4596429861803746e-12
594,2.459849707648366e-12
595,2.4600550079456266e-12
596,2.460258897585592e-12
597,2.4604613869999182e-12
598,2.460662486539144e-12
599,2.460862206473346e-12
600,2.4610605569927873e-12
601,2.4612575482085652e-12
602,2.461453190153247e-12
603,2.461647492781505e-12
604,2.461840465970748e-12
605,2.4620321195217417e-12
606,2.4622224631592276e-12
607,2.462411506532538e-12
608,2.462599259216204e-12
609,2.4627857307105567e-12
610,2.4629709304423267e-12
611,2.4631548677652385e-12
612,2.463337551960598e-12
613,2.4635189922378755e-12
614,2.4636991977352853e-12
615,2.463878177520359e-12
616,2.4640559405905164e-12
617,2.4642324958736282e-12
618,2.4644078522285748e-12
619,2.4645820184458057e-12
620,2.4647550032478867e-12
621,2.4649268152900465e-12
622,2.46509746316072e-12
623,2.465266955382084e-12
624,2.46543530041059e-12
625,2.465602506637493e-12
626,2.465768582389375e-12
627,2.465933535928667e-12
628,2.4660973754541588e-12
629,2.466260109101517e-12
630,2.4664217449437867e-12
631,2.466582290991898e-12
632,2.466741755195161e-12
633,2.466900145441763e-12
634,2.4670574695592586e-12
635,2.467213735315054e-12
636,2.4673689504168926e-12
637,2.4675231225133304e-12
638,2.4676762591942128e-12
639,2.4678283679911434e-12
640,2.4679794563779517e-12
641,2.4681295317711563e-12
642,2.468278601530422e-12
643,2.4684266729590178e-12
644,2.468573753304266e-12
645,2.4687198497579906e-12
646,2.4688649694569647e-12
647,2.4690091194833436e-12
648,2.46915230686511e-12
649,2.4692945385765017e-12
650,2.4694358215384426e-12
651,2.46957616261897e-12
652,2.469715568633657e-12
653,2.469854046346029e-12
654,2.469991602467984e-12
655,2.4701282436602013e-12
656,2.4702639765325515e-12
657,2.470398807644502e-12
658,2.470532743505521e-12
659,2.4706657905754733e-12
660,2.4707979552650175e-12
661,2.4709292439359997e-12
662,2.471059662901841e-12
663,2.4711892184279225e-12
664,2.471317916731971e-12
665,2.4714457639844377e-12
666,2.4715727663088724e-12
667,2.4716989297823005e-12
668,2.4718242604355914e-12
669,2.471948764253826e-12
670,2.4720724471766607e-12
671,2.4721953150986913e-12
672,2.472317373869808e-12
673,2.472438629295553e-12
674,2.4725590871374715e-12
675,2.4726787531134642e-12
676,2.4727976328981305e-12
677,2.4729157321231147e-12
678,2.473033056377447e-12
679,2.4731496112078817e-12
680,2.4732654021192313e-12
681,2.4733804345747024e-12
682,2.473494713996222e-12
683,2.4736082457647692e-12
684,2.473721035220696e-12
685,2.4738330876640515e-12
686,2.473944408354901e-12
687,2.474055002513642e-12
688,2.47416487532132e-12
689,2.474274031919939e-12
690,2.4743824774127704e-12
691,2.4744902168646605e-12
692,2.4745972553023344e-12
693,2.474703597714696e-12
694,2.47480924905313e-12
695,2.4749142142317955e-12
696,2.475018498127923e-12
697,2.475122105582105e-12
698,2.475225041398584e-12
699,2.4753273103455424e-12
700,2.4754289171553853e-12
701,2.475529866525024e-12
702,2.475630163116155e-12
703,2.4757298115555398e-12
704,2.475828816435277e-12
705,2.47592718231308e-12
706,2.476024913712544e-12
707,2.4761220151234184e-12
708,2.4762184910018712e-12
709,2.476314345770753e-12
710,2.4764095838198623e-12
711,2.476504209506203e-12
712,2.4765982271542436e-12
713,2.4766916410561732e-12
714,2.4767844554721544e-12
715,2.476876674630576e-12
716,2.476968302728305e-12
717,2.4770593439309278e-12
718,2.4771498023730044e-12
719,2.4772396821583058e-12
720,2.4773289873600576e-12
721,2.4774177220211813e-12
722,2.4775058901545293e-12
723,2.477593495743124e-12
724,2.47768054274039e-12
725,2.477767035070384e-12
726,2.47785297662803e-12
727,2.4779383712793433e-12
728,2.4780232228616604e-12
729,2.4781075351838584e-12
730,2.4781913120265844e-12
731,2.478274557142471e-12
732,2.4783572742563598e-12
733,2.4784394670655145e-12
734,2.47852113923984e-12
735,2.4786022944220942e-12
736,2.478682936228102e-12
737,2.478763068246964e-12
738,2.4788426940412654e-12
739,2.4789218171472844e-12
740,2.479000441075196e-12
741,2.4790785693092764e-12
742,2.479156205308105e-12
743,2.479233352504765e-12
744,2.479310014307042e-12
745,2.47938619409762e-12
746,2.4794618952342784e-12
747,2.479537121050086e-12
748,2.4796118748535927e-12
749,2.4796861599290198e-12
750,2.479759979536452e-12
751,2.4798333369120202e-12
752,2.4799062352680938e-12
753,2.479978677793461e-12
754,2.480050667653512e-12
755,2.4801222079904244e-12
756,2.4801933019233408e-12
757,2.4802639525485467e-12
758,2.4803341629396503e-12
759,2.4804039361477573e-12
760,2.480473275201646e-12
761,2.4805421831079374e-12
762,2.4806106628512725e-12
763,2.480678717394478e-12
764,2.4807463496787367e-12
765,2.480813562623755e-12
766,2.4808803591279304e-12
767,2.480946742068514e-12
768,2.4810127143017756e-12
769,2.481078278663166e-12
770,2.481143437967477e-12
771,2.481208195009002e-12
772,2.4812725525616946e-12
773,2.481336513379323e-12
774,2.481400080195629e-12
775,2.4814632557244817e-12
776,2.4815260426600306e-12
777,2.4815884436768553e-12
778,2.4816504614301213e-12
779,2.481712098555725e-12
780,2.4817733576704444e-12
781,2.4818342413720863e-12
782,2.4818947522396302e-12
783,2.481954892833378e-12
784,2.4820146656950915e-12
785,2.4820740733481394e-12
786,2.4821331182976364e-12
787,2.482191803030586e-12
788,2.4822501300160155e-12
789,2.482308101705119e-12
790,2.48236572053139e-12
791,2.4824229889107585e-12
792,2.482479909241728e-12
793,2.4825364839055065e-12
794,2.4825927152661394e-12
795,2.4826486056706415e-12
796,2.4827041574491276e-12
797,2.4827593729149417e-12
798,2.482814254364785e-12
799,2.482868804078843e-12
800,2.482923024320914e-12
801,2.4829769173385306e-12
802,2.483030485363088e-12
803,2.483083730609964e-12
804,2.4831366552786433e-12
805,2.4831892615528366e-12
806,2.483241551600606e-12
807,2.483293527574477e-12
808,2.483345191611563e-12
809,2.4833965458336804e-12
810,2.4834475923474647e-12
811,2.4834983332444877e-12
812,2.4835487706013697e-12
813,2.483598906479897e-12
814,2.4836487429271303e-12
815,2.4836982819755206e-12
816,2.4837475256430174e-12
817,2.4837964759331805e-12
818,2.4838451348352887e-12
819,2.483893504324449e-12
820,2.4839415863617035e-12
821,2.483989382894134e-12
822,2.484036895854973e-12
823,2.484084127163704e-12
824,2.4841310787261676e-12
825,2.4841777524346635e-12
826,2.4842241501680563e-12
827,2.484270273791873e-12
828,2.4843161251584065e-12
829,2.4843617061068163e-12
830,2.4844070184632236e-12
831,2.4844520640408153e-12
832,2.4844968446399383e-12
833,2.484541362048197e-12
834,2.4845856180405494e-12
835,2.4846296143794027e-12
836,2.4846733528147103e-12
837,2.4847168350840604e-12
838,2.4847600629127733e-12
839,2.484803038013993e-12
840,2.4848457620887784e-12
841,2.4848882368261937e-12
842,2.4849304639034e-12
843,2.4849724449857437e-12
844,2.485014181726846e-12
845,2.4850556757686905e-12
846,2.4850969287417105e-12
847,2.4851379422648754e-12
848,2.4851787179457785e-12
849,2.4852192573807195e-12
850,2.4852595621547927e-12
851,2.4852996338419675e-12
852,2.4853394740051732e-12
853,2.4853790841963823e-12
854,2.4854184659566917e-12
855,2.485457620816403e-12
856,2.485496550295106e-12
857,2.4855352559017568e-12
858,2.4855737391347573e-12
859,2.4856120014820337e-12
860,2.4856500444211168e-12
861,2.4856878694192164e-12
862,2.485725477933302e-12
863,2.485762871410174e-12
864,2.485800051286546e-12
865,2.4858370189891133e-12
866,2.4858737759346337e-12
867,2.4859103235299955e-12
868,2.4859466631722963e-12
869,2.485982796248911e-12
870,2.4860187241375673e-12
871,2.4860544482064172e-12
872,2.4860899698141066e-12
873,2.486125290309846e-12
874,2.486160411033481e-12
875,2.4861953333155633e-12
876,2.4862300584774163e-12
877,2.4862645878312056e-12
878,2.4862989226800078e-12
879,2.4863330643178737e-12
880,2.4863670140298996e-12
881,2.4864007730922917e-12
882,2.486434342772431e-12
883,2.486467724328939e-12
884,2.486500919011744e-12
885,2.4865339280621424e-12
886,2.486566752712864e-12
887,2.4865993941881365e-12
888,2.4866318537037445e-12
889,2.486664132467096e-12
890,2.4866962316772807e-12
891,2.486728152525132e-12
892,2.4867598961932903e-12
893,2.4867914638562585e-12
894,2.4868228566804663e-12
895,2.486854075824327e-12
896,2.486885122438298e-12
897,2.4869159976649368e-12
898,2.4869467026389607e-12
899,2.4869772384873047e-12
900,2.4870076063291766e-12
901,2.4870378072761168e-12
902,2.4870678424320496e-12
903,2.487097712893345e-12
904,2.487127419748868e-12
905,2.4871569640800365e-12
906,2.487186346960878e-12
907,2.4872155694580776e-12
908,2.487244632631037e-12
909,2.487273537531926e-12
910,2.487302285205732e-12
911,2.4873308766903183e-12
912,2.4873593130164725e-12
913,2.487387595207957e-12
914,2.487415724281563e-12
915,2.4874437012471584e-12
916,2.4874715271077416e-12
917,2.487499202859487e-12
918,2.4875267294917993e-12
919,2.4875541079873584e-12
920,2.487581339322172e-12
921,2.487608424465619e-12
922,2.4876353643805045e-12
923,2.4876621600231017e-12
924,2.4876888123432004e-12
925,2.4877153222841564e-12
926,2.487741690782935e-12
927,2.4877679187701587e-12
928,2.4877940071701535e-12
929,2.4878199569009935e-12
930,2.4878457688745463e-12
931,2.487871443996518e-12
932,2.487896983166496e-12
933,2.4879223872779964e-12
934,2.4879476572185055e-12
935,2.4879727938695233e-12
936,2.4879977981066064e-12
937,2.488022670799413e-12
938,2.4880474128117415e-12
939,2.4880720250015763e-12
940,2.488096508221127e-12
941,2.4881208633168726e-12
942,2.4881450911295983e-12
943,2.488169192494441e-12
944,2.4881931682409262e-12
945,2.488217019193011e-12
946,2.488240746169123e-12
947,2.4882643499821977e-12
948,2.488287831439722e-12
949,2.488311191343768e-12
950,2.4883344304910372e-12
951,2.4883575496728952e-12
952,2.488380549675411e-12
953,2.4884034312793935e-12
954,2.4884261952604316e-12
955,2.4884488423889295e-12
956,2.4884713734301435e-12
957,2.488493789144219e-12
958,2.488516090286229e-12
959,2.4885382776062054e-12
960,2.48856035184918e-12
961,2.4885823137552167e-12
962,2.4886041640594468e-12
963,2.4886259034921075e-12
964,2.488647532778572e-12
965,2.488669052639387e-12
966,2.4886904637903055e-12
967,2.488711766942322e-12
968,2.4887329628017046e-12
969,2.4887540520700298e-12
970,2.488775035444215e-12
971,2.488795913616551e-12
972,2.488816687274736e-12
973,2.488837357101907e-12
974,2.488857923776673e-12
975,2.488878387973144e-12
976,2.4888987503609675e-12
977,2.4889190116053554e-12
978,2.488939172367119e-12
979,2.4889592333026944e-12
980,2.488979195064182e-12
981,2.4889990582993683e-12
982,2.489018823651761e-12
983,2.489038491760618e-12
984,2.4890580632609763e-12
985,2.4890775387836837e-12
986,2.4890969189554264e-12
987,2.4891162043987575e-12
988,2.4891353957321287e-12
989,2.4891544935699163e-12
990,2.489173498522451e-12
991,2.4891924111960455e-12
992,2.489211232193024e-12
993,2.4892299621117484e-12
994,2.489248601546646e-12
995,2.48926715108824e-12
996,2.48928561132317e-12
997,2.489303982834227e-12
998,2.489322266200375e-12
999,2.489340461996779e-12
1000,2.489358570794832e-12
