,AGTP_n2o
0,0.0
1,4.597079484191349e-15
2,9.05885417018145e-15
3,1.3389322175747878e-14
4,1.7592359983030824e-14
5,2.1671726278735335e-14
6,2.5631065667744908e-14
7,2.9473912264514694e-14
8,3.3203693166453845e-14
9,3.682373181335635e-14
10,4.0337251236792515e-14
11,4.374737720323424e-14
12,4.705714125455055e-14
13,5.026948364938127e-14
14,5.33872562087702e-14
15,5.641322506931911e-14
16,5.935007334700781e-14
17,6.22004037147131e-14
18,6.496674089635247e-14
19,6.765153408047416e-14
20,7.025715925601526e-14
21,7.278592147285377e-14
22,7.524005702968759e-14
23,7.762173559168348e-14
24,7.993306224025507e-14
25,8.217607945724304e-14
26,8.435276904569427e-14
27,8.646505398935659e-14
28,8.851480025293474e-14
29,9.050381852507898e-14
30,9.243386590601115e-14
31,9.430664754162589e-14
32,9.612381820584017e-14
33,9.788698383290428e-14
34,9.959770300132688e-14
35,1.0125748837100997e-13
36,1.0286780807513432e-13
37,1.044300870682835e-13
38,1.0594570843224241e-13
39,1.0741601464085758e-13
40,1.0884230878529858e-13
41,1.1022585576101438e-13
42,1.1156788341763369e-13
43,1.1286958367301607e-13
44,1.1413211359261946e-13
45,1.1535659643530986e-13
46,1.1654412266670117e-13
47,1.176957509410749e-13
48,1.1881250905289657e-13
49,1.1989539485890772e-13
50,1.20945377171743e-13
51,1.219633966259866e-13
52,1.2295036651755432e-13
53,1.2390717361725523e-13
54,1.2483467895936057e-13
55,1.2573371860597792e-13
56,1.266051043880036e-13
57,1.2744962462339857e-13
58,1.282680448135108e-13
59,1.2906110831814017e-13
60,1.2982953701002135e-13
61,1.30574031909376e-13
62,1.31295273799165e-13
63,1.319939238216502e-13
64,1.3267062405685475e-13
65,1.3332599808349334e-13
66,1.3396065152292136e-13
67,1.345751725666387e-13
68,1.3517013248786195e-13
69,1.3574608613766465e-13
70,1.3630357242616836e-13
71,1.368431147892502e-13
72,1.3736522164121986e-13
73,1.3787038681390197e-13
74,1.383590899825463e-13
75,1.3883179707897628e-13
76,1.3928896069236937e-13
77,1.397310204580541e-13
78,1.401584034346937e-13
79,1.4057152447021422e-13
80,1.4097078655682576e-13
81,1.4135658117547139e-13
82,1.4172928863002965e-13
83,1.420892783715855e-13
84,1.4243690931307344e-13
85,1.4277253013458958e-13
86,1.4309647957965603e-13
87,1.4340908674271604e-13
88,1.4371067134812632e-13
89,1.4400154402090645e-13
90,1.4428200654949574e-13
91,1.445523521407615e-13
92,1.448128656674929e-13
93,1.450638239086097e-13
94,1.453054957823052e-13
95,1.4553814257233855e-13
96,1.4576201814768267e-13
97,1.4597736917572859e-13
98,1.4618443532924094e-13
99,1.4638344948725192e-13
100,1.465746379300775e-13
101,1.4675822052863095e-13
102,1.4693441092820634e-13
103,1.4710341672689682e-13
104,1.472654396488089e-13
105,1.4742067571222844e-13
106,1.475693153928891e-13
107,1.4771154378248952e-13
108,1.47847540742601e-13
109,1.4797748105410322e-13
110,1.4810153456228065e-13
111,1.4821986631770888e-13
112,1.4833263671305661e-13
113,1.4844000161592317e-13
114,1.4854211249783037e-13
115,1.4863911655948173e-13
116,1.4873115685240006e-13
117,1.4881837239705036e-13
118,1.4890089829755127e-13
119,1.489788658530767e-13
120,1.4905240266604454e-13
121,1.4912163274718692e-13
122,1.4918667661759452e-13
123,1.492476514078233e-13
124,1.4930467095414984e-13
125,1.4935784589205965e-13
126,1.494072837470486e-13
127,1.494530890228172e-13
128,1.4949536328693333e-13
129,1.4953420525403756e-13
130,1.4956971086666334e-13
131,1.4960197337374095e-13
132,1.4963108340685351e-13
133,1.4965712905430988e-13
134,1.49680195933099e-13
135,1.4970036725878608e-13
136,1.4971772391341165e-13
137,1.4973234451145058e-13
138,1.4974430546388838e-13
139,1.497536810404683e-13
140,1.497605434301634e-13
141,1.4976496279992378e-13
142,1.4976700735175044e-13
143,1.4976674337814252e-13
144,1.4976423531596632e-13
145,1.4975954579879097e-13
146,1.4975273570773522e-13
147,1.4974386422086817e-13
148,1.497329888612062e-13
149,1.497201655433456e-13
150,1.497054486187709e-13
151,1.496888909198773e-13
152,1.4967054380274288e-13
153,1.496504571886881e-13
154,1.4962867960465629e-13
155,1.496052582224496e-13
156,1.4958023889685303e-13
157,1.4955366620267822e-13
158,1.4952558347075878e-13
159,1.4949603282292574e-13
160,1.494650552059939e-13
161,1.4943269042478648e-13
162,1.4939897717422557e-13
163,1.4936395307051548e-13
164,1.4932765468144477e-13
165,1.4929011755583178e-13
166,1.4925137625213863e-13
167,1.4921146436627712e-13
168,1.4917041455862964e-13
169,1.4912825858030738e-13
170,1.490850272986675e-13
171,1.490407507221111e-13
172,1.489954580241809e-13
173,1.4894917756698039e-13
174,1.4890193692393233e-13
175,1.4885376290189607e-13
176,1.4880468156266196e-13
177,1.4875471824383968e-13
178,1.487038975791592e-13
179,1.4865224351819948e-13
180,1.4859977934556226e-13
181,1.4854652769950602e-13
182,1.484925105900557e-13
183,1.484377494166032e-13
184,1.4838226498501226e-13
185,1.4832607752424334e-13
186,1.4826920670251e-13
187,1.4821167164298188e-13
188,1.4815349093904618e-13
189,1.4809468266914005e-13
190,1.480352644111667e-13
191,1.4797525325650614e-13
192,1.4791466582363274e-13
193,1.4785351827135008e-13
194,1.4779182631165462e-13
195,1.477296052222378e-13
196,1.4766686985863748e-13
197,1.4760363466604843e-13
198,1.4753991369080116e-13
199,1.4747572059151866e-13
200,1.4741106864996079e-13
201,1.4734597078156325e-13
202,1.4728043954568243e-13
203,1.4721448715555162e-13
204,1.4714812548795913e-13
205,1.4708136609265413e-13
206,1.4701422020148963e-13
207,1.469466987373085e-13
208,1.468788123225808e-13
209,1.4681057128779906e-13
210,1.4674198567963785e-13
211,1.466730652688854e-13
212,1.4660381955815234e-13
213,1.4653425778936478e-13
214,1.4646438895104758e-13
215,1.4639422178540318e-13
216,1.4632376479519275e-13
217,1.4625302625042386e-13
218,1.461820141948517e-13
219,1.4611073645229731e-13
220,1.4603920063278983e-13
221,1.4596741413853597e-13
222,1.4589538416972274e-13
223,1.4582311773015758e-13
224,1.4575062163275075e-13
225,1.4567790250484382e-13
226,1.4560496679338963e-13
227,1.4553182076998652e-13
228,1.454584705357722e-13
229,1.4538492202618035e-13
230,1.4531118101556424e-13
231,1.4523725312169065e-13
232,1.4516314381010846e-13
233,1.4508885839839435e-13
234,1.4501440206028047e-13
235,1.4493977982966572e-13
236,1.4486499660451543e-13
237,1.4479005715065165e-13
238,1.4471496610543728e-13
239,1.446397279813572e-13
240,1.4456434716949922e-13
241,1.4448882794293747e-13
242,1.4441317446002136e-13
243,1.4433739076757213e-13
244,1.4426148080399034e-13
245,1.441854484022759e-13
246,1.441092972929643e-13
247,1.4403303110697992e-13
248,1.4395665337840988e-13
249,1.4388016754720044e-13
250,1.4380357696177736e-13
251,1.4372688488159343e-13
252,1.4365009447960466e-13
253,1.4357320884467683e-13
254,1.4349623098392508e-13
255,1.4341916382498764e-13
256,1.4334201021823644e-13
257,1.4326477293892528e-13
258,1.4318745468927822e-13
259,1.4311005810051944e-13
260,1.4303258573484633e-13
261,1.429550400873471e-13
262,1.4287742358786514e-13
263,1.4279973860281087e-13
264,1.4272198743692284e-13
265,1.4264417233498e-13
266,1.425662954834652e-13
267,1.4248835901218295e-13
268,1.4241036499583148e-13
269,1.4233231545553088e-13
270,1.422542123603083e-13
271,1.4217605762854188e-13
272,1.420978531293638e-13
273,1.4201960068402465e-13
274,1.41941302067219e-13
275,1.4186295900837426e-13
276,1.4178457319290315e-13
277,1.4170614626342152e-13
278,1.4162767982093131e-13
279,1.415491754259714e-13
280,1.414706345997353e-13
281,1.4139205882515819e-13
282,1.41313449547973e-13
283,1.4123480817773737e-13
284,1.4115613608883148e-13
285,1.410774346214282e-13
286,1.409987050824359e-13
287,1.4091994874641484e-13
288,1.4084116685646804e-13
289,1.407623606251071e-13
290,1.4068353123509361e-13
291,1.4060467984025735e-13
292,1.4052580756629125e-13
293,1.404469155115241e-13
294,1.4036800474767193e-13
295,1.4028907632056772e-13
296,1.4021013125087155e-13
297,1.401311705347599e-13
298,1.4005219514459627e-13
299,1.3997320602958276e-13
300,1.3989420411639364e-13
301,1.398151903097906e-13
302,1.397361654932215e-13
303,1.3965713052940186e-13
304,1.3957808626088e-13
305,1.3949903351058668e-13
306,1.3941997308236925e-13
307,1.3934090576151053e-13
308,1.392618323152335e-13
309,1.3918275349319164e-13
310,1.3910367002794576e-13
311,1.3902458263542707e-13
312,1.3894549201538767e-13
313,1.3886639885183828e-13
314,1.387873038134735e-13
315,1.3870820755408562e-13
316,1.3862911071296623e-13
317,1.385500139152971e-13
318,1.3847091777252981e-13
319,1.3839182288275486e-13
320,1.383127298310604e-13
321,1.3823363918988096e-13
322,1.3815455151933623e-13
323,1.3807546736756066e-13
324,1.3799638727102352e-13
325,1.3791731175484012e-13
326,1.3783824133307447e-13
327,1.3775917650903307e-13
328,1.3768011777555091e-13
329,1.3760106561526904e-13
330,1.3752202050090496e-13
331,1.3744298289551452e-13
332,1.3736395325274752e-13
333,1.3728493201709538e-13
334,1.3720591962413222e-13
335,1.3712691650074915e-13
336,1.3704792306538199e-13
337,1.369689397282325e-13
338,1.368899668914837e-13
339,1.3681100494950878e-13
340,1.3673205428907462e-13
341,1.366531152895391e-13
342,1.3657418832304328e-13
343,1.3649527375469827e-13
344,1.3641637194276627e-13
345,1.3633748323883743e-13
346,1.3625860798800097e-13
347,1.3617974652901208e-13
348,1.361008991944537e-13
349,1.360220663108942e-13
350,1.3594324819904043e-13
351,1.3586444517388647e-13
352,1.3578565754485834e-13
353,1.3570688561595457e-13
354,1.3562812968588305e-13
355,1.3554939004819368e-13
356,1.3547066699140774e-13
357,1.3539196079914333e-13
358,1.3531327175023755e-13
359,1.3523460011886518e-13
360,1.3515594617465392e-13
361,1.3507731018279665e-13
362,1.3499869240416052e-13
363,1.3492009309539277e-13
364,1.3484151250902394e-13
365,1.3476295089356798e-13
366,1.3468440849361968e-13
367,1.3460588554994942e-13
368,1.34527382299595e-13
369,1.3444889897595146e-13
370,1.3437043580885795e-13
371,1.3429199302468225e-13
372,1.342135708464033e-13
373,1.3413516949369087e-13
374,1.3405678918298357e-13
375,1.3397843012756438e-13
376,1.3390009253763418e-13
377,1.3382177662038323e-13
378,1.3374348258006064e-13
379,1.3366521061804222e-13
380,1.3358696093289576e-13
381,1.3350873372044546e-13
382,1.3343052917383373e-13
383,1.3335234748358173e-13
384,1.332741888376482e-13
385,1.3319605342148667e-13
386,1.3311794141810088e-13
387,1.33039853008099e-13
388,1.3296178836974618e-13
389,1.328837476790157e-13
390,1.3280573110963865e-13
391,1.327277388331524e-13
392,1.3264977101894762e-13
393,1.325718278343141e-13
394,1.3249390944448512e-13
395,1.3241601601268099e-13
396,1.3233814770015097e-13
397,1.3226030466621442e-13
398,1.3218248706830062e-13
399,1.3210469506198748e-13
400,1.3202692880103942e-13
401,1.319491884374439e-13
402,1.3187147412144737e-13
403,1.3179378600158984e-13
404,1.317161242247389e-13
405,1.3163848893612233e-13
406,1.3156088027936043e-13
407,1.31483298396497e-13
408,1.3140574342802975e-13
409,1.3132821551293976e-13
410,1.312507147887203e-13
411,1.3117324139140469e-13
412,1.3109579545559355e-13
413,1.3101837711448138e-13
414,1.309409864998821e-13
415,1.3086362374225444e-13
416,1.3078628897072624e-13
417,1.3070898231311818e-13
418,1.3063170389596719e-13
419,1.305544538445486e-13
420,1.3047723228289856e-13
421,1.3040003933383508e-13
422,1.3032287511897904e-13
423,1.3024573975877435e-13
424,1.301686333725079e-13
425,1.300915560783285e-13
426,1.30014507993266e-13
427,1.299374892332492e-13
428,1.2986049991312382e-13
429,1.2978354014666986e-13
430,1.2970661004661835e-13
431,1.2962970972466787e-13
432,1.2955283929150068e-13
433,1.2947599885679808e-13
434,1.2939918852925602e-13
435,1.2932240841659956e-13
436,1.2924565862559764e-13
437,1.291689392620769e-13
438,1.2909225043093572e-13
439,1.2901559223615744e-13
440,1.2893896478082347e-13
441,1.2886236816712605e-13
442,1.2878580249638068e-13
443,1.2870926786903828e-13
444,1.286327643846969e-13
445,1.285562921421134e-13
446,1.2847985123921467e-13
447,1.2840344177310857e-13
448,1.2832706384009456e-13
449,1.2825071753567442e-13
450,1.2817440295456224e-13
451,1.2809812019069443e-13
452,1.2802186933723933e-13
453,1.279456504866072e-13
454,1.278694637304587e-13
455,1.2779330915971473e-13
456,1.277171868645646e-13
457,1.276410969344752e-13
458,1.2756503945819914e-13
459,1.27489014523783e-13
460,1.2741302221857562e-13
461,1.2733706262923562e-13
462,1.272611358417393e-13
463,1.2718524194138824e-13
464,1.2710938101281646e-13
465,1.2703355313999764e-13
466,1.2695775840625227e-13
467,1.2688199689425434e-13
468,1.268062686860382e-13
469,1.2673057386300514e-13
470,1.2665491250592971e-13
471,1.2657928469496607e-13
472,1.2650369050965412e-13
473,1.2642813002892562e-13
474,1.2635260333111e-13
475,1.2627711049394011e-13
476,1.2620165159455802e-13
477,1.2612622670952038e-13
478,1.2605083591480394e-13
479,1.259754792858109e-13
480,1.2590015689737406e-13
481,1.2582486882376187e-13
482,1.2574961513868358e-13
483,1.2567439591529393e-13
484,1.2559921122619824e-13
485,1.2552406114345682e-13
486,1.2544894573858978e-13
487,1.253738650825815e-13
488,1.2529881924588517e-13
489,1.2522380829842696e-13
490,1.251488323096104e-13
491,1.2507389134832067e-13
492,1.2499898548292868e-13
493,1.2492411478129495e-13
494,1.2484927931077381e-13
495,1.2477447913821718e-13
496,1.2469971432997847e-13
497,1.246249849519163e-13
498,1.2455029106939822e-13
499,1.244756327473044e-13
500,1.2440101005003104e-13
501,1.2432642304149411e-13
502,1.2425187178513276e-13
503,1.2417735634391243e-13
504,1.2410287678032864e-13
505,1.2402843315641007e-13
506,1.2395402553372167e-13
507,1.2387965397336805e-13
508,1.2380531853599653e-13
509,1.2373101928180027e-13
510,1.2365675627052123e-13
511,1.2358252956145327e-13
512,1.2350833921344496e-13
513,1.2343418528490264e-13
514,1.2336006783379325e-13
515,1.23285986917647e-13
516,1.2321194259356033e-13
517,1.2313793491819858e-13
518,1.2306396394779866e-13
519,1.2299002973817186e-13
520,1.2291613234470625e-13
521,1.2284227182236948e-13
522,1.2276844822571112e-13
523,1.2269466160886548e-13
524,1.2262091202555384e-13
525,1.2254719952908706e-13
526,1.224735241723679e-13
527,1.2239988600789348e-13
528,1.2232628508775766e-13
529,1.2225272146365328e-13
530,1.2217919518687473e-13
531,1.221057063083198e-13
532,1.2203225487849244e-13
533,1.2195884094750447e-13
534,1.218854645650782e-13
535,1.218121257805484e-13
536,1.2173882464286452e-13
537,1.2166556120059285e-13
538,1.2159233550191845e-13
539,1.2151914759464737e-13
540,1.2144599752620888e-13
541,1.213728853436571e-13
542,1.2129981109367335e-13
543,1.212267748225681e-13
544,1.2115377657628273e-13
545,1.2108081640039177e-13
546,1.2100789434010461e-13
547,1.2093501044026763e-13
548,1.2086216474536583e-13
549,1.2078935729952502e-13
550,1.2071658814651346e-13
551,1.2064385732974372e-13
552,1.2057116489227462e-13
553,1.2049851087681306e-13
554,1.204258953257155e-13
555,1.2035331828099024e-13
556,1.2028077978429875e-13
557,1.202082798769577e-13
558,1.2013581859994047e-13
559,1.2006339599387909e-13
560,1.1999101209906583e-13
561,1.1991866695545478e-13
562,1.1984636060266385e-13
563,1.1977409307997597e-13
564,1.1970186442634128e-13
565,1.1962967468037825e-13
566,1.1955752388037566e-13
567,1.1948541206429413e-13
568,1.1941333926976754e-13
569,1.1934130553410491e-13
570,1.1926931089429177e-13
571,1.1919735538699172e-13
572,1.1912543904854818e-13
573,1.1905356191498564e-13
574,1.189817240220115e-13
575,1.1890992540501737e-13
576,1.1883816609908062e-13
577,1.1876644613896592e-13
578,1.1869476555912678e-13
579,1.186231243937069e-13
580,1.185515226765417e-13
581,1.1847996044115987e-13
582,1.1840843772078463e-13
583,1.183369545483353e-13
584,1.1826551095642887e-13
585,1.18194106977381e-13
586,1.1812274264320785e-13
587,1.1805141798562738e-13
588,1.1798013303606055e-13
589,1.1790888782563293e-13
590,1.1783768238517605e-13
591,1.1776651674522863e-13
592,1.1769539093603812e-13
593,1.1762430498756193e-13
594,1.1755325892946883e-13
595,1.1748225279114034e-13
596,1.174112866016719e-13
597,1.173403603898744e-13
598,1.1726947418427525e-13
599,1.1719862801312002e-13
600,1.1712782190437348e-13
601,1.170570558857209e-13
602,1.169863299845695e-13
603,1.1691564422804961e-13
604,1.1684499864301603e-13
605,1.1677439325604913e-13
606,1.167038280934563e-13
607,1.166333031812732e-13
608,1.1656281854526474e-13
609,1.1649237421092672e-13
610,1.1642197020348682e-13
611,1.1635160654790573e-13
612,1.1628128326887867e-13
613,1.1621100039083644e-13
614,1.1614075793794656e-13
615,1.1607055593411465e-13
616,1.1600039440298542e-13
617,1.159302733679441e-13
618,1.1586019285211742e-13
619,1.157901528783749e-13
620,1.1572015346933003e-13
621,1.156501946473414e-13
622,1.1558027643451377e-13
623,1.1551039885269946e-13
624,1.1544056192349937e-13
625,1.1537076566826407e-13
626,1.1530101010809498e-13
627,1.1523129526384563e-13
628,1.151616211561226e-13
629,1.1509198780528688e-13
630,1.150223952314546e-13
631,1.1495284345449864e-13
632,1.1488333249404936e-13
633,1.1481386236949595e-13
634,1.1474443309998725e-13
635,1.1467504470443326e-13
636,1.146056972015057e-13
637,1.145363906096397e-13
638,1.1446712494703429e-13
639,1.1439790023165396e-13
640,1.143287164812294e-13
641,1.1425957371325875e-13
642,1.141904719450086e-13
643,1.1412141119351505e-13
644,1.1405239147558474e-13
645,1.1398341280779597e-13
646,1.1391447520649965e-13
647,1.1384557868782046e-13
648,1.1377672326765777e-13
649,1.1370790896168665e-13
650,1.136391357853591e-13
651,1.1357040375390485e-13
652,1.1350171288233243e-13
653,1.1343306318543031e-13
654,1.1336445467776768e-13
655,1.1329588737369575e-13
656,1.1322736128734843e-13
657,1.1315887643264355e-13
658,1.1309043282328388e-13
659,1.130220304727578e-13
660,1.1295366939434074e-13
661,1.1288534960109579e-13
662,1.1281707110587482e-13
663,1.127488339213195e-13
664,1.1268063805986218e-13
665,1.1261248353372688e-13
666,1.1254437035493022e-13
667,1.124762985352825e-13
668,1.1240826808638848e-13
669,1.1234027901964839e-13
670,1.1227233134625901e-13
671,1.1220442507721437e-13
672,1.1213656022330689e-13
673,1.1206873679512817e-13
674,1.1200095480306996e-13
675,1.1193321425732526e-13
676,1.1186551516788885e-13
677,1.1179785754455857e-13
678,1.117302413969362e-13
679,1.1166266673442801e-13
680,1.1159513356624621e-13
681,1.1152764190140938e-13
682,1.1146019174874363e-13
683,1.1139278311688345e-13
684,1.113254160142725e-13
685,1.1125809044916465e-13
686,1.1119080642962477e-13
687,1.1112356396352961e-13
688,1.110563630585687e-13
689,1.1098920372224517e-13
690,1.109220859618768e-13
691,1.1085500978459667e-13
692,1.1078797519735407e-13
693,1.1072098220691548e-13
694,1.106540308198653e-13
695,1.1058712104260679e-13
696,1.1052025288136278e-13
697,1.1045342634217674e-13
698,1.1038664143091335e-13
699,1.1031989815325965e-13
700,1.1025319651472562e-13
701,1.1018653652064507e-13
702,1.1011991817617655e-13
703,1.1005334148630413e-13
704,1.099868064558382e-13
705,1.0992031308941634e-13
706,1.0985386139150403e-13
707,1.0978745136639565e-13
708,1.0972108301821509e-13
709,1.0965475635091665e-13
710,1.095884713682859e-13
711,1.0952222807394037e-13
712,1.0945602647133037e-13
713,1.0938986656373988e-13
714,1.0932374835428714e-13
715,1.0925767184592577e-13
716,1.091916370414451e-13
717,1.091256439434714e-13
718,1.0905969255446835e-13
719,1.0899378287673799e-13
720,1.0892791491242136e-13
721,1.0886208866349934e-13
722,1.0879630413179346e-13
723,1.0873056131896658e-13
724,1.086648602265237e-13
725,1.0859920085581261e-13
726,1.0853358320802485e-13
727,1.0846800728419626e-13
728,1.0840247308520787e-13
729,1.083369806117865e-13
730,1.0827152986450566e-13
731,1.0820612084378618e-13
732,1.0814075354989698e-13
733,1.080754279829558e-13
734,1.0801014414292994e-13
735,1.0794490202963702e-13
736,1.078797016427455e-13
737,1.0781454298177582e-13
738,1.0774942604610063e-13
739,1.0768435083494584e-13
740,1.0761931734739127e-13
741,1.075543255823712e-13
742,1.0748937553867533e-13
743,1.0742446721494928e-13
744,1.0735960060969534e-13
745,1.0729477572127327e-13
746,1.0722999254790082e-13
747,1.0716525108765459e-13
748,1.0710055133847068e-13
749,1.0703589329814523e-13
750,1.0697127696433532e-13
751,1.0690670233455952e-13
752,1.0684216940619868e-13
753,1.0677767817649638e-13
754,1.0671322864255993e-13
755,1.0664882080136069e-13
756,1.0658445464973504e-13
757,1.0652013018438491e-13
758,1.064558474018784e-13
759,1.0639160629865057e-13
760,1.0632740687100397e-13
761,1.062632491151093e-13
762,1.0619913302700627e-13
763,1.0613505860260394e-13
764,1.0607102583768156e-13
765,1.0600703472788926e-13
766,1.059430852687485e-13
767,1.0587917745565288e-13
768,1.0581531128386865e-13
769,1.0575148674853552e-13
770,1.0568770384466708e-13
771,1.0562396256715156e-13
772,1.0556026291075246e-13
773,1.0549660487010915e-13
774,1.0543298843973741e-13
775,1.0536941361403024e-13
776,1.0530588038725826e-13
777,1.0524238875357049e-13
778,1.0517893870699489e-13
779,1.0511553024143894e-13
780,1.0505216335069041e-13
781,1.0498883802841767e-13
782,1.049255542681706e-13
783,1.0486231206338102e-13
784,1.0479911140736329e-13
785,1.0473595229331502e-13
786,1.0467283471431749e-13
787,1.046097586633364e-13
788,1.0454672413322237e-13
789,1.0448373111671157e-13
790,1.0442077960642622e-13
791,1.0435786959487531e-13
792,1.0429500107445504e-13
793,1.0423217403744954e-13
794,1.0416938847603127e-13
795,1.0410664438226177e-13
796,1.0404394174809205e-13
797,1.0398128056536337e-13
798,1.0391866082580757e-13
799,1.0385608252104786e-13
800,1.0379354564259919e-13
801,1.0373105018186893e-13
802,1.036685961301574e-13
803,1.0360618347865835e-13
804,1.0354381221845963e-13
805,1.0348148234054366e-13
806,1.0341919383578798e-13
807,1.033569466949659e-13
808,1.0329474090874681e-13
809,1.0323257646769702e-13
810,1.0317045336228001e-13
811,1.031083715828572e-13
812,1.0304633111968839e-13
813,1.0298433196293219e-13
814,1.0292237410264674e-13
815,1.028604575287901e-13
816,1.0279858223122085e-13
817,1.0273674819969863e-13
818,1.0267495542388444e-13
819,1.0261320389334153e-13
820,1.0255149359753565e-13
821,1.024898245258356e-13
822,1.0242819666751386e-13
823,1.0236661001174692e-13
824,1.0230506454761602e-13
825,1.022435602641074e-13
826,1.0218209715011303e-13
827,1.0212067519443092e-13
828,1.0205929438576582e-13
829,1.0199795471272951e-13
830,1.0193665616384148e-13
831,1.018753987275293e-13
832,1.0181418239212921e-13
833,1.0175300714588649e-13
834,1.0169187297695606e-13
835,1.016307798734029e-13
836,1.0156972782320257e-13
837,1.0150871681424168e-13
838,1.0144774683431839e-13
839,1.0138681787114284e-13
840,1.0132592991233765e-13
841,1.0126508294543842e-13
842,1.0120427695789418e-13
843,1.011435119370679e-13
844,1.0108278787023684e-13
845,1.0102210474459321e-13
846,1.0096146254724442e-13
847,1.0090086126521372e-13
848,1.0084030088544056e-13
849,1.007797813947811e-13
850,1.0071930278000863e-13
851,1.0065886502781405e-13
852,1.0059846812480636e-13
853,1.0053811205751295e-13
854,1.0047779681238034e-13
855,1.0041752237577434e-13
856,1.0035728873398061e-13
857,1.002970958732052e-13
858,1.0023694377957481e-13
859,1.0017683243913738e-13
860,1.0011676183786247e-13
861,1.0005673196164166e-13
862,9.99967427962891e-14
863,9.993679432754179e-14
864,9.987688654106011e-14
865,9.981701942242831e-14
866,9.975719295715477e-14
867,9.969740713067254e-14
868,9.963766192833978e-14
869,9.957795733544011e-14
870,9.951829333718311e-14
871,9.945866991870461e-14
872,9.939908706506731e-14
873,9.933954476126099e-14
874,9.92800429922031e-14
875,9.9220581742739e-14
876,9.916116099764258e-14
877,9.91017807416164e-14
878,9.904244095929235e-14
879,9.898314163523199e-14
880,9.892388275392682e-14
881,9.886466429979883e-14
882,9.880548625720086e-14
883,9.874634861041699e-14
884,9.868725134366294e-14
885,9.862819444108647e-14
886,9.856917788676774e-14
887,9.851020166471982e-14
888,9.845126575888888e-14
889,9.839237015315482e-14
890,9.833351483133143e-14
891,9.827469977716692e-14
892,9.821592497434433e-14
893,9.815719040648173e-14
894,9.809849605713279e-14
895,9.803984190978715e-14
896,9.798122794787057e-14
897,9.792265415474563e-14
898,9.786412051371192e-14
899,9.78056270080064e-14
900,9.774717362080387e-14
901,9.768876033521725e-14
902,9.763038713429805e-14
903,9.757205400103654e-14
904,9.751376091836243e-14
905,9.745550786914495e-14
906,9.739729483619334e-14
907,9.73391218022572e-14
908,9.72809887500268e-14
909,9.722289566213357e-14
910,9.716484252115027e-14
911,9.710682930959152e-14
912,9.704885600991403e-14
913,9.699092260451702e-14
914,9.693302907574254e-14
915,9.687517540587584e-14
916,9.681736157714571e-14
917,9.675958757172481e-14
918,9.670185337173005e-14
919,9.664415895922294e-14
920,9.658650431620984e-14
921,9.652888942464241e-14
922,9.647131426641791e-14
923,9.641377882337952e-14
924,9.63562830773167e-14
925,9.629882700996558e-14
926,9.624141060300908e-14
927,9.618403383807755e-14
928,9.612669669674888e-14
929,9.606939916054889e-14
930,9.601214121095165e-14
931,9.595492282937989e-14
932,9.58977439972052e-14
933,9.584060469574841e-14
934,9.578350490627992e-14
935,9.572644461002005e-14
936,9.566942378813924e-14
937,9.561244242175857e-14
938,9.555550049194989e-14
939,9.549859797973622e-14
940,9.544173486609204e-14
941,9.538491113194362e-14
942,9.532812675816939e-14
943,9.527138172560006e-14
944,9.521467601501916e-14
945,9.515800960716326e-14
946,9.510138248272214e-14
947,9.504479462233941e-14
948,9.498824600661242e-14
949,9.49317366160929e-14
950,9.487526643128707e-14
951,9.481883543265603e-14
952,9.476244360061602e-14
953,9.47060909155387e-14
954,9.464977735775153e-14
955,9.45935029075379e-14
956,9.453726754513765e-14
957,9.448107125074716e-14
958,9.442491400451977e-14
959,9.436879578656603e-14
960,9.431271657695397e-14
961,9.425667635570936e-14
962,9.420067510281611e-14
963,9.414471279821644e-14
964,9.408878942181124e-14
965,9.40329049534603e-14
966,9.397705937298261e-14
967,9.392125266015669e-14
968,9.386548479472075e-14
969,9.380975575637311e-14
970,9.375406552477236e-14
971,9.369841407953769e-14
972,9.36428014002492e-14
973,9.358722746644811e-14
974,9.353169225763705e-14
975,9.347619575328034e-14
976,9.342073793280425e-14
977,9.336531877559725e-14
978,9.330993826101039e-14
979,9.325459636835736e-14
980,9.3199293076915e-14
981,9.314402836592336e-14
982,9.308880221458603e-14
983,9.303361460207045e-14
984,9.297846550750815e-14
985,9.292335490999494e-14
986,9.286828278859127e-14
987,9.281324912232244e-14
988,9.275825389017881e-14
989,9.270329707111613e-14
990,9.26483786440558e-14
991,9.259349858788505e-14
992,9.253865688145721e-14
993,9.248385350359204e-14
994,9.24290884330759e-14
995,9.237436164866198e-14
996,9.231967312907064e-14
997,9.226502285298957e-14
998,9.221041079907412e-14
999,9.215583694594742e-14
1000,9.210130127220078e-14
