,AGTP_co2
0,0.0
1,2.1889132911651146e-17
2,4.299759679090546e-17
3,6.335103249140086e-17
4,8.297427085204584e-17
5,1.0189135766269213e-16
6,1.2012557787331373e-16
7,1.3769947906933505e-16
8,1.5463489423508119e-16
9,1.7095296382667292e-16
10,1.866741571750532e-16
11,2.0181829323922004e-16
12,2.164045607291419e-16
13,2.3045153761725825e-16
14,2.4397721005690165e-16
15,2.569989907254341e-16
16,2.695337366093641e-16
17,2.8159776624819527e-16
18,2.9320687645325894e-16
19,3.043763585173034e-16
20,3.151210139301378e-16
21,3.254551696151793e-16
22,3.3539269270130776e-16
23,3.4494700484399877e-16
24,3.5413109610930394e-16
25,3.6295753843382315e-16
26,3.7143849867344036e-16
27,3.795857512532057e-16
28,3.8741069043037376e-16
29,3.9492434218226006e-16
30,4.021373757302237e-16
31,4.090601147107444e-16
32,4.157025480042433e-16
33,4.220743402319719e-16
34,4.2818484193098867e-16
35,4.3404309941694214e-16
36,4.396578643440936e-16
37,4.450376029717206e-16
38,4.501905051457861e-16
39,4.551244930044707e-16
40,4.598472294159317e-16
41,4.643661261563841e-16
42,4.686883518363659e-16
43,4.728208395828144e-16
44,4.767702944843488e-16
45,4.805432008069347e-16
46,4.841458289868932e-16
47,4.875842424080048e-16
48,4.908643039692595e-16
49,4.939916824496076e-16
50,4.969718586758729e-16
51,4.998101314998088e-16
52,5.025116235900961e-16
53,5.050812870449076e-16
54,5.075239088304974e-16
55,5.098441160511064e-16
56,5.120463810553194e-16
57,5.1413502638385285e-16
58,5.161142295636035e-16
59,5.179880277526451e-16
60,5.197603222407123e-16
61,5.214348828095876e-16
62,5.230153519576574e-16
63,5.245052489927912e-16
64,5.259079739975607e-16
65,5.272268116707028e-16
66,5.284649350486066e-16
67,5.296254091104961e-16
68,5.307111942708664e-16
69,5.317251497626236e-16
70,5.326700369142786e-16
71,5.335485223244373e-16
72,5.343631809367381e-16
73,5.351164990182909e-16
74,5.358108770445746e-16
75,5.364486324936695e-16
76,5.370320025526076e-16
77,5.375631467385384e-16
78,5.38044149437337e-16
79,5.384770223621841e-16
80,5.388637069345919e-16
81,5.392060765902538e-16
82,5.3950593901204175e-16
83,5.397650382923938e-16
84,5.399850570272703e-16
85,5.401676183437894e-16
86,5.403142878635922e-16
87,5.404265756039215e-16
88,5.40505937818338e-16
89,5.40553778778947e-16
90,5.405714525019351e-16
91,5.405602644181843e-16
92,5.405214729906564e-16
93,5.404562912802015e-16
94,5.403658884613902e-16
95,5.402513912899193e-16
96,5.401138855230977e-16
97,5.399544172948674e-16
98,5.397739944467751e-16
99,5.395735878162646e-16
100,5.3935413248362e-16
101,5.391165289788446e-16
102,5.3886164444972785e-16
103,5.385903137923101e-16
104,5.383033407449176e-16
105,5.380014989469072e-16
106,5.37685532963223e-16
107,5.373561592758341e-16
108,5.370140672430916e-16
109,5.366599200280067e-16
110,5.362943554964274e-16
111,5.359179870860542e-16
112,5.355314046472144e-16
113,5.351351752562787e-16
114,5.347298440025797e-16
115,5.343159347496701e-16
116,5.338939508717224e-16
117,5.334643759658586e-16
118,5.330276745411652e-16
119,5.325842926851301e-16
120,5.321346587082153e-16
121,5.316791837672552e-16
122,5.312182624683501e-16
123,5.307522734499054e-16
124,5.302815799464419e-16
125,5.298065303337926e-16
126,5.293274586562706e-16
127,5.288446851363832e-16
128,5.283585166676488e-16
129,5.278692472910503e-16
130,5.273771586556499e-16
131,5.268825204638647e-16
132,5.263855909019001e-16
133,5.258866170558061e-16
134,5.253858353136235e-16
135,5.248834717540589e-16
136,5.243797425221237e-16
137,5.238748541921533e-16
138,5.233690041186106e-16
139,5.228623807750677e-16
140,5.223551640817439e-16
141,5.218475257219687e-16
142,5.213396294479272e-16
143,5.208316313760333e-16
144,5.203236802722618e-16
145,5.198159178277707e-16
146,5.193084789251199e-16
147,5.188014918953973e-16
148,5.182950787665409e-16
149,5.177893555031486e-16
150,5.172844322380464e-16
151,5.167804134958862e-16
152,5.162773984090334e-16
153,5.157754809259907e-16
154,5.152747500126088e-16
155,5.147752898463122e-16
156,5.142771800035737e-16
157,5.137804956408562e-16
158,5.132853076692364e-16
159,5.127916829229184e-16
160,5.122996843218363e-16
161,5.118093710285425e-16
162,5.113207985995681e-16
163,5.108340191314384e-16
164,5.103490814015203e-16
165,5.098660310038717e-16
166,5.0938491048026e-16
167,5.089057594465079e-16
168,5.084286147143228e-16
169,5.079535104087602e-16
170,5.074804780814657e-16
171,5.07009546819837e-16
172,5.065407433522423e-16
173,5.060740921494263e-16
174,5.056096155222309e-16
175,5.051473337157582e-16
176,5.046872650000889e-16
177,5.042294257576782e-16
178,5.037738305675371e-16
179,5.033204922863096e-16
180,5.028694221263498e-16
181,5.024206297309024e-16
182,5.019741232464815e-16
183,5.015299093925468e-16
184,5.010879935285659e-16
185,5.00648379718555e-16
186,5.002110707931799e-16
187,4.99776068409507e-16
188,4.993433731084787e-16
189,4.989129843701951e-16
190,4.984849006670757e-16
191,4.98059119514977e-16
192,4.97635637522332e-16
193,4.972144504373859e-16
194,4.967955531935876e-16
195,4.96378939953208e-16
196,4.959646041492406e-16
197,4.955525385256492e-16
198,4.951427351760177e-16
199,4.947351855806598e-16
200,4.943298806422402e-16
201,4.93926810719963e-16
202,4.935259656623772e-16
203,4.931273348388446e-16
204,4.927309071697235e-16
205,4.923366711553088e-16
206,4.919446149035763e-16
207,4.9155472615677065e-16
208,4.911669923168832e-16
209,4.90781400470054e-16
210,4.903979374099414e-16
211,4.900165896600931e-16
212,4.896373434953584e-16
213,4.892601849623724e-16
214,4.8888509989915e-16
215,4.885120739538183e-16
216,4.881410926025238e-16
217,4.877721411665389e-16
218,4.874052048286024e-16
219,4.870402686485197e-16
220,4.866773175780509e-16
221,4.863163364751129e-16
222,4.859573101173219e-16
223,4.856002232148999e-16
224,4.852450604229705e-16
225,4.84891806353266e-16
226,4.845404455852693e-16
227,4.841909626768102e-16
228,4.838433421741381e-16
229,4.834975686214932e-16
230,4.831536265701905e-16
231,4.828115005872405e-16
232,4.824711752635219e-16
233,4.821326352215242e-16
234,4.817958651226775e-16
235,4.814608496742848e-16
236,4.811275736360747e-16
237,4.807960218263857e-16
238,4.804661791280017e-16
239,4.801380304936475e-16
240,4.79811560951163e-16
241,4.794867556083656e-16
242,4.791635996576137e-16
243,4.788420783800863e-16
244,4.785221771497875e-16
245,4.78203881437288e-16
246,4.778871768132161e-16
247,4.775720489515059e-16
248,4.772584836324158e-16
249,4.769464667453252e-16
250,4.766359842913191e-16
251,4.763270223855704e-16
252,4.760195672595292e-16
253,4.757136052629237e-16
254,4.754091228655879e-16
255,4.75106106659116e-16
256,4.748045433583576e-16
257,4.745044198027566e-16
258,4.742057229575432e-16
259,4.739084399147851e-16
260,4.736125578943032e-16
261,4.733180642444613e-16
262,4.730249464428309e-16
263,4.727331920967426e-16
264,4.724427889437238e-16
265,4.721537248518336e-16
266,4.718659878198951e-16
267,4.715795659776352e-16
268,4.712944475857304e-16
269,4.710106210357703e-16
270,4.707280748501363e-16
271,4.704467976818047e-16
272,4.701667783140777e-16
273,4.698880056602421e-16
274,4.696104687631649e-16
275,4.693341567948256e-16
276,4.690590590557918e-16
277,4.687851649746366e-16
278,4.685124641073069e-16
279,4.682409461364418e-16
280,4.679706008706444e-16
281,4.677014182437114e-16
282,4.674333883138219e-16
283,4.671665012626883e-16
284,4.669007473946716e-16
285,4.666361171358647e-16
286,4.663726010331437e-16
287,4.661101897531914e-16
288,4.658488740814955e-16
289,4.655886449213191e-16
290,4.653294932926528e-16
291,4.650714103311432e-16
292,4.64814387287004e-16
293,4.645584155239089e-16
294,4.643034865178698e-16
295,4.640495918561005e-16
296,4.637967232358673e-16
297,4.635448724633292e-16
298,4.632940314523682e-16
299,4.630441922234101e-16
300,4.627953469022386e-16
301,4.6254748771880285e-16
302,4.623006070060203e-16
303,4.62054697198575e-16
304,4.618097508317132e-16
305,4.615657605400354e-16
306,4.613227190562894e-16
307,4.610806192101618e-16
308,4.608394539270687e-16
309,4.605992162269503e-16
310,4.603598992230649e-16
311,4.601214961207865e-16
312,4.598840002164057e-16
313,4.596474048959354e-16
314,4.59411703633918e-16
315,4.591768899922412e-16
316,4.589429576189574e-16
317,4.587099002471086e-16
318,4.584777116935594e-16
319,4.582463858578359e-16
320,4.58015916720972e-16
321,4.57786298344364e-16
322,4.575575248686315e-16
323,4.5732959051249e-16
324,4.571024895716287e-16
325,4.568762164175988e-16
326,4.566507654967119e-16
327,4.564261313289463e-16
328,4.562023085068643e-16
329,4.559792916945387e-16
330,4.557570756264895e-16
331,4.555356551066314e-16
332,4.553150250072318e-16
333,4.550951802678779e-16
334,4.548761158944573e-16
335,4.546578269581468e-16
336,4.544403085944145e-16
337,4.542235560020303e-16
338,4.5400756444209055e-16
339,4.537923292370514e-16
340,4.535778457697753e-16
341,4.533641094825874e-16
342,4.531511158763438e-16
343,4.529388605095126e-16
344,4.527273389972636e-16
345,4.525165470105714e-16
346,4.523064802753301e-16
347,4.5209713457147795e-16
348,4.518885057321346e-16
349,4.516805896427498e-16
350,4.514733822402618e-16
351,4.512668795122698e-16
352,4.510610774962154e-16
353,4.508559722785762e-16
354,4.506515599940712e-16
355,4.504478368248755e-16
356,4.502447989998484e-16
357,4.500424427937712e-16
358,4.498407645265953e-16
359,4.496397605627034e-16
360,4.494394273101794e-16
361,4.492397612200903e-16
362,4.490407587857775e-16
363,4.488424165421604e-16
364,4.486447310650495e-16
365,4.484476989704691e-16
366,4.482513169139928e-16
367,4.480555815900857e-16
368,4.478604897314601e-16
369,4.476660381084394e-16
370,4.474722235283322e-16
371,4.472790428348162e-16
372,4.470864929073323e-16
373,4.468945706604884e-16
374,4.467032730434708e-16
375,4.465125970394683e-16
376,4.463225396651031e-16
377,4.461330979698713e-16
378,4.459442690355937e-16
379,4.457560499758742e-16
380,4.455684379355674e-16
381,4.453814300902564e-16
382,4.451950236457364e-16
383,4.4500921583751e-16
384,4.448240039302886e-16
385,4.44639385217504e-16
386,4.444553570208256e-16
387,4.442719166896895e-16
388,4.440890616008316e-16
389,4.4390678915783195e-16
390,4.4372509679066447e-16
391,4.4354398195525617e-16
392,4.433634421330523e-16
393,4.431834748305907e-16
394,4.4300407757908193e-16
395,4.4282524793399765e-16
396,4.426469834746662e-16
397,4.424692818038744e-16
398,4.422921405474768e-16
399,4.4211555735401314e-16
400,4.419395298943288e-16
401,4.417640558612067e-16
402,4.415891329690021e-16
403,4.414147589532854e-16
404,4.4124093157049104e-16
405,4.4106764859757276e-16
406,4.408949078316647e-16
407,4.407227070897487e-16
408,4.405510442083279e-16
409,4.4037991704310545e-16
410,4.4020932346867005e-16
411,4.400392613781859e-16
412,4.3986972868308945e-16
413,4.397007233127909e-16
414,4.3953224321438125e-16
415,4.3936428635234486e-16
416,4.3919685070827703e-16
417,4.3902993428060744e-16
418,4.388635350843266e-16
419,4.386976511507203e-16
420,4.385322805271067e-16
421,4.383674212765787e-16
422,4.382030714777513e-16
423,4.380392292245142e-16
424,4.378758926257877e-16
425,4.377130598052837e-16
426,4.375507289012715e-16
427,4.373888980663478e-16
428,4.3722756546720973e-16
429,4.3706672928443405e-16
430,4.3690638771225944e-16
431,4.367465389583725e-16
432,4.365871812436983e-16
433,4.364283128021948e-16
434,4.36269931880651e-16
435,4.361120367384886e-16
436,4.359546256475677e-16
437,4.357976968919964e-16
438,4.356412487679428e-16
439,4.354852795834524e-16
440,4.3532978765826685e-16
441,4.351747713236477e-16
442,4.350202289222029e-16
443,4.3486615880771583e-16
444,4.3471255934497955e-16
445,4.3455942890963114e-16
446,4.344067658879926e-16
447,4.3425456867691166e-16
448,4.341028356836079e-16
449,4.3395156532552044e-16
450,4.3380075603015855e-16
451,4.3365040623495626e-16
452,4.335005143871279e-16
453,4.333510789435284e-16
454,4.332020983705143e-16
455,4.330535711438086e-16
456,4.329054957483679e-16
457,4.327578706782516e-16
458,4.3261069443649453e-16
459,4.32463965534981e-16
460,4.3231768249432194e-16
461,4.3217184384373333e-16
462,4.320264481209186e-16
463,4.3188149387195184e-16
464,4.3173697965116363e-16
465,4.315929040210293e-16
466,4.314492655520588e-16
467,4.313060628226895e-16
468,4.3116329441917965e-16
469,4.3102095893550545e-16
470,4.3087905497325864e-16
471,4.307375811415471e-16
472,4.3059653605689673e-16
473,4.304559183431549e-16
474,4.3031572663139733e-16
475,4.301759595598342e-16
476,4.300366157737199e-16
477,4.298976939252645e-16
478,4.297591926735453e-16
479,4.2962111068442205e-16
480,4.2948344663045213e-16
481,4.2934619919080843e-16
482,4.292093670511978e-16
483,4.290729489037822e-16
484,4.2893694344710037e-16
485,4.28801349385991e-16
486,4.286661654315184e-16
487,4.285313903008976e-16
488,4.2839702271742344e-16
489,4.282630614103981e-16
490,4.28129505115063e-16
491,4.2799635257252883e-16
492,4.278636025297096e-16
493,4.277312537392564e-16
494,4.2759930495949265e-16
495,4.274677549543509e-16
496,4.2733660249331054e-16
497,4.272058463513362e-16
498,4.2707548530881834e-16
499,4.2694551815151454e-16
500,4.268159436704908e-16
501,4.266867606620657e-16
502,4.265579679277542e-16
503,4.2642956427421295e-16
504,4.263015485131872e-16
505,4.261739194614572e-16
506,4.260466759407872e-16
507,4.25919816777874e-16
508,4.2579334080429803e-16
509,4.2566724685647303e-16
510,4.255415337755993e-16
511,4.254162004076156e-16
512,4.2529124560315297e-16
513,4.251666682174896e-16
514,4.250424671105049e-16
515,4.2491864114663773e-16
516,4.247951891948408e-16
517,4.2467211012854e-16
518,4.24549402825592e-16
519,4.244270661682438e-16
520,4.243050990430922e-16
521,4.2418350034104447e-16
522,4.240622689572797e-16
523,4.239414037912102e-16
524,4.2382090374644513e-16
525,4.237007677307527e-16
526,4.235809946560247e-16
527,4.234615834382403e-16
528,4.233425329974319e-16
529,4.2322384225765054e-16
530,4.2310551014693225e-16
531,4.229875355972647e-16
532,4.2286991754455493e-16
533,4.2275265492859737e-16
534,4.2263574669304196e-16
535,4.2251919178536376e-16
536,4.224029891568322e-16
537,4.2228713776248136e-16
538,4.2217163656108066e-16
539,4.2205648451510534e-16
540,4.2194168059070896e-16
541,4.2182722375769475e-16
542,4.2171311298948857e-16
543,4.2159934726311134e-16
544,4.2148592555915296e-16
545,4.213728468617459e-16
546,4.2126011015853964e-16
547,4.211477144406749e-16
548,4.210356587027594e-16
549,4.2092394194284256e-16
550,4.208125631623921e-16
551,4.207015213662699e-16
552,4.2059081556270873e-16
553,4.2048044476328917e-16
554,4.2037040798291697e-16
555,4.2026070423980134e-16
556,4.2015133255543187e-16
557,4.2004229195455776e-16
558,4.199335814651666e-16
559,4.1982520011846303e-16
560,4.197171469488483e-16
561,4.1960942099389974e-16
562,4.195020212943514e-16
563,4.1939494689407357e-16
564,4.192881968400538e-16
565,4.191817701823776e-16
566,4.190756659742099e-16
567,4.1896988327177625e-16
568,4.1886442113434447e-16
569,4.1875927862420657e-16
570,4.186544548066615e-16
571,4.1854994874999677e-16
572,4.184457595254723e-16
573,4.1834188620730233e-16
574,4.1823832787263957e-16
575,4.181350836015576e-16
576,4.180321524770356e-16
577,4.1792953358494185e-16
578,4.178272260140176e-16
579,4.177252288558622e-16
580,4.1762354120491633e-16
581,4.175221621584486e-16
582,4.1742109081653877e-16
583,4.173203262820639e-16
584,4.1721986766068365e-16
585,4.171197140608259e-16
586,4.170198645936719e-16
587,4.16920318373143e-16
588,4.168210745158864e-16
589,4.167221321412613e-16
590,4.1662349037132577e-16
591,4.1652514833082315e-16
592,4.1642710514716883e-16
593,4.1632935995043747e-16
594,4.1623191187334976e-16
595,4.161347600512603e-16
596,4.160379036221443e-16
597,4.159413417265859e-16
598,4.158450735077654e-16
599,4.1574909811144743e-16
600,4.1565341468596915e-16
601,4.155580223822278e-16
602,4.154629203536698e-16
603,4.1536810775627865e-16
604,4.152735837485637e-16
605,4.151793474915491e-16
606,4.150853981487621e-16
607,4.1499173488622264e-16
608,4.1489835687243196e-16
609,4.148052632783618e-16
610,4.147124532774446e-16
611,4.1461992604556136e-16
612,4.145276807610328e-16
613,4.144357166046081e-16
614,4.1434403275945463e-16
615,4.1425262841114854e-16
616,4.141615027476642e-16
617,4.1407065495936427e-16
618,4.1398008423899023e-16
619,4.1388978978165217e-16
620,4.1379977078481985e-16
621,4.137100264483126e-16
622,4.1362055597429026e-16
623,4.1353135856724345e-16
624,4.1344243343398486e-16
625,4.1335377978363997e-16
626,4.132653968276374e-16
627,4.1317728377970055e-16
628,4.1308943985583875e-16
629,4.1300186427433806e-16
630,4.129145562557524e-16
631,4.1282751502289595e-16
632,4.127407398008333e-16
633,4.1265422981687145e-16
634,4.1256798430055183e-16
635,4.1248200248364103e-16
636,4.1239628360012346e-16
637,4.1231082688619244e-16
638,4.122256315802426e-16
639,4.121406969228613e-16
640,4.1205602215682126e-16
641,4.1197160652707164e-16
642,4.1188744928073146e-16
643,4.1180354966708074e-16
644,4.117199069375532e-16
645,4.116365203457286e-16
646,4.1155338914732506e-16
647,4.1147051260019117e-16
648,4.1138788996429936e-16
649,4.113055205017375e-16
650,4.1122340347670193e-16
651,4.111415381554902e-16
652,4.1105992380649386e-16
653,4.10978559700191e-16
654,4.108974451091387e-16
655,4.1081657930796715e-16
656,4.107359615733713e-16
657,4.1065559118410463e-16
658,4.1057546742097165e-16
659,4.104955895668214e-16
660,4.1041595690654064e-16
661,4.103365687270462e-16
662,4.102574243172796e-16
663,4.1017852296819887e-16
664,4.1009986397277296e-16
665,4.1002144662597445e-16
666,4.099432702247733e-16
667,4.098653340681302e-16
668,4.097876374569898e-16
669,4.0971017969427466e-16
670,4.096329600848788e-16
671,4.095559779356606e-16
672,4.094792325554377e-16
673,4.094027232549794e-16
674,4.0932644934700114e-16
675,4.0925041014615824e-16
676,4.091746049690393e-16
677,4.0909903313416066e-16
678,4.090236939619596e-16
679,4.0894858677478866e-16
680,4.088737108969095e-16
681,4.0879906565448686e-16
682,4.087246503755826e-16
683,4.086504643901497e-16
684,4.085765070300266e-16
685,4.0850277762893066e-16
686,4.0842927552245306e-16
687,4.083560000480527e-16
688,4.082829505450503e-16
689,4.082101263546225e-16
690,4.0813752681979676e-16
691,4.0806515128544483e-16
692,4.0799299909827785e-16
693,4.079210696068402e-16
694,4.0784936216150405e-16
695,4.0777787611446386e-16
696,4.077066108197306e-16
697,4.076355656331265e-16
698,4.075647399122796e-16
699,4.074941330166177e-16
700,4.0742374430736374e-16
701,4.073535731475296e-16
702,4.0728361890191136e-16
703,4.072138809370836e-16
704,4.07144358621394e-16
705,4.0707505132495816e-16
706,4.070059584196544e-16
707,4.069370792791184e-16
708,4.0686841327873763e-16
709,4.067999597956468e-16
710,4.0673171820872234e-16
711,4.0666368789857687e-16
712,4.065958682475547e-16
713,4.065282586397263e-16
714,4.0646085846088297e-16
715,4.0639366709853267e-16
716,4.0632668394189386e-16
717,4.062599083818914e-16
718,4.0619333981115083e-16
719,4.0612697762399376e-16
720,4.060608212164327e-16
721,4.0599486998616646e-16
722,4.0592912333257487e-16
723,4.058635806567137e-16
724,4.057982413613105e-16
725,4.057331048507589e-16
726,4.0566817053111453e-16
727,4.0560343781008934e-16
728,4.0553890609704774e-16
729,4.0547457480300085e-16
730,4.0541044334060257e-16
731,4.053465111241445e-16
732,4.0528277756955075e-16
733,4.05219242094374e-16
734,4.051559041177902e-16
735,4.0509276306059457e-16
736,4.050298183451959e-16
737,4.0496706939561317e-16
738,4.049045156374697e-16
739,4.0484215649798956e-16
740,4.047799914059922e-16
741,4.047180197918884e-16
742,4.0465624108767554e-16
743,4.045946547269329e-16
744,4.045332601448174e-16
745,4.04472056778059e-16
746,4.044110440649562e-16
747,4.0435022144537157e-16
748,4.0428958836072696e-16
749,4.0422914425399995e-16
750,4.0416888856971853e-16
751,4.0410882075395686e-16
752,4.040489402543315e-16
753,4.0398924651999634e-16
754,4.0392973900163823e-16
755,4.0387041715147333e-16
756,4.03811280423242e-16
757,4.037523282722049e-16
758,4.0369356015513877e-16
759,4.0363497553033147e-16
760,4.0357657385757895e-16
761,4.035183545981796e-16
762,4.03460317214931e-16
763,4.034024611721253e-16
764,4.0334478593554504e-16
765,4.0328729097245885e-16
766,4.0322997575161755e-16
767,4.0317283974324987e-16
768,4.03115882419058e-16
769,4.0305910325221403e-16
770,4.0300250171735486e-16
771,4.029460772905796e-16
772,4.028898294494437e-16
773,4.0283375767295617e-16
774,4.0277786144157517e-16
775,4.027221402372034e-16
776,4.026665935431849e-16
777,4.026112208443004e-16
778,4.0255602162676357e-16
779,4.0250099537821685e-16
780,4.0244614158772784e-16
781,4.023914597457845e-16
782,4.0233694934429226e-16
783,4.022826098765689e-16
784,4.022284408373418e-16
785,4.0217444172274316e-16
786,4.021206120303062e-16
787,4.020669512589616e-16
788,4.0201345890903324e-16
789,4.0196013448223435e-16
790,4.019069774816641e-16
791,4.0185398741180307e-16
792,4.018011637785097e-16
793,4.0174850608901675e-16
794,4.0169601385192707e-16
795,4.0164368657720987e-16
796,4.015915237761968e-16
797,4.0153952496157863e-16
798,4.0148768964740103e-16
799,4.014360173490608e-16
800,4.013845075833026e-16
801,4.013331598682144e-16
802,4.012819737232247e-16
803,4.01230948669098e-16
804,4.0118008422793136e-16
805,4.011293799231511e-16
806,4.0107883527950847e-16
807,4.010284498230762e-16
808,4.009782230812453e-16
809,4.009281545827207e-16
810,4.008782438575179e-16
811,4.0082849043695945e-16
812,4.007788938536713e-16
813,4.00729453641579e-16
814,4.0068016933590425e-16
815,4.0063104047316156e-16
816,4.0058206659115396e-16
817,4.005332472289702e-16
818,4.0048458192698052e-16
819,4.0043607022683407e-16
820,4.0038771167145407e-16
821,4.0033950580503537e-16
822,4.0029145217304035e-16
823,4.002435503221958e-16
824,4.001957998004892e-16
825,4.00148200157165e-16
826,4.0010075094272157e-16
827,4.000534517089077e-16
828,4.0000630200871877e-16
829,3.9995930139639397e-16
830,3.999124494274119e-16
831,3.9986574565848814e-16
832,3.998191896475712e-16
833,3.997727809538394e-16
834,3.997265191376973e-16
835,3.996804037607725e-16
836,3.9963443438591196e-16
837,3.995886105771791e-16
838,3.9954293189985015e-16
839,3.994973979204107e-16
840,3.9945200820655273e-16
841,3.994067623271709e-16
842,3.9936165985235925e-16
843,3.993167003534085e-16
844,3.9927188340280184e-16
845,3.9922720857421254e-16
846,3.991826754424995e-16
847,3.991382835837057e-16
848,3.9909403257505297e-16
849,3.990499219949406e-16
850,3.9900595142294054e-16
851,3.9896212043979507e-16
852,3.9891842862741345e-16
853,3.988748755688687e-16
854,3.988314608483939e-16
855,3.9878818405137967e-16
856,3.987450447643709e-16
857,3.98702042575063e-16
858,3.9865917707229934e-16
859,3.9861644784606786e-16
860,3.985738544874978e-16
861,3.9853139658885696e-16
862,3.984890737435478e-16
863,3.9844688554610544e-16
864,3.984048315921934e-16
865,3.983629114786013e-16
866,3.9832112480324135e-16
867,3.9827947116514547e-16
868,3.98237950164462e-16
869,3.981965614024528e-16
870,3.9815530448149026e-16
871,3.98114179005054e-16
872,3.9807318457772783e-16
873,3.9803232080519724e-16
874,3.979915872942457e-16
875,3.979509836527516e-16
876,3.9791050948968617e-16
877,3.978701644151094e-16
878,3.978299480401678e-16
879,3.9778985997709077e-16
880,3.9774989983918826e-16
881,3.977100672408474e-16
882,3.9767036179752956e-16
883,3.9763078312576763e-16
884,3.975913308431628e-16
885,3.9755200456838176e-16
886,3.9751280392115394e-16
887,3.9747372852226823e-16
888,3.974347779935703e-16
889,3.9739595195795957e-16
890,3.9735725003938666e-16
891,3.9731867186284977e-16
892,3.9728021705439277e-16
893,3.9724188524110126e-16
894,3.972036760511011e-16
895,3.971655891135538e-16
896,3.971276240586551e-16
897,3.9708978051763164e-16
898,3.97052058122738e-16
899,3.970144565072538e-16
900,3.9697697530548165e-16
901,3.9693961415274304e-16
902,3.969023726853769e-16
903,3.9686525054073555e-16
904,3.9682824735718324e-16
905,3.9679136277409207e-16
906,3.9675459643184013e-16
907,3.9671794797180843e-16
908,3.9668141703637807e-16
909,3.966450032689275e-16
910,3.9660870631383003e-16
911,3.9657252581645057e-16
912,3.9653646142314366e-16
913,3.9650051278125025e-16
914,3.964646795390951e-16
915,3.964289613459838e-16
916,3.9639335785220056e-16
917,3.9635786870900535e-16
918,3.9632249356863116e-16
919,3.9628723208428123e-16
920,3.9625208391012673e-16
921,3.962170487013035e-16
922,3.9618212611390993e-16
923,3.9614731580500463e-16
924,3.961126174326028e-16
925,3.960780306556741e-16
926,3.960435551341404e-16
927,3.960091905288725e-16
928,3.959749365016883e-16
929,3.959407927153492e-16
930,3.9590675883355856e-16
931,3.958728345209582e-16
932,3.958390194431266e-16
933,3.9580531326657566e-16
934,3.957717156587489e-16
935,3.957382262880179e-16
936,3.9570484482368063e-16
937,3.9567157093595846e-16
938,3.956384042959939e-16
939,3.956053445758478e-16
940,3.9557239144849693e-16
941,3.955395445878316e-16
942,3.9550680366865284e-16
943,3.954741683666704e-16
944,3.9544163835849965e-16
945,3.954092133216595e-16
946,3.9537689293457e-16
947,3.9534467687654935e-16
948,3.9531256482781197e-16
949,3.952805564694659e-16
950,3.952486514835103e-16
951,3.9521684955283263e-16
952,3.95185150361207e-16
953,3.951535535932912e-16
954,3.951220589346242e-16
955,3.9509066607162406e-16
956,3.950593746915855e-16
957,3.9502818448267706e-16
958,3.949970951339393e-16
959,3.9496610633528207e-16
960,3.949352177774819e-16
961,3.9490442915218013e-16
962,3.948737401518804e-16
963,3.948431504699461e-16
964,3.9481265980059767e-16
965,3.947822678389115e-16
966,3.947519742808158e-16
967,3.9472177882309014e-16
968,3.9469168116336153e-16
969,3.9466168100010295e-16
970,3.9463177803263094e-16
971,3.94601971961103e-16
972,3.945722624865157e-16
973,3.945426493107017e-16
974,3.9451313213632847e-16
975,3.944837106668949e-16
976,3.944543846067298e-16
977,3.9442515366098934e-16
978,3.943960175356547e-16
979,3.943669759375302e-16
980,3.943380285742402e-16
981,3.9430917515422777e-16
982,3.942804153867522e-16
983,3.9425174898188623e-16
984,3.942231756505145e-16
985,3.9419469510433104e-16
986,3.941663070558368e-16
987,3.9413801121833783e-16
988,3.9410980730594317e-16
989,3.9408169503356187e-16
990,3.940536741169018e-16
991,3.940257442724668e-16
992,3.939979052175545e-16
993,3.939701566702546e-16
994,3.9394249834944625e-16
995,3.9391492997479617e-16
996,3.938874512667562e-16
997,3.938600619465614e-16
998,3.938327617362277e-16
999,3.9380555035855024e-16
1000,3.937784275371004e-16
